our_color,our_rating,opp_rating,rating_diff,time_class,eco,opening_family,move_count,outcome
white,598,758,-160,rapid,B01,Scandinavian,45,0.0
black,462,557,-95,rapid,A50,Indian,46,0.0
white,458,447,11,rapid,D02,Queens,125,0.5
black,367,392,-25,rapid,C20,Kings,58,0.0
white,293,307,-14,rapid,B02,Alekhines,87,0.0
black,248,368,-120,rapid,C40,Kings,45,0.0
white,237,163,74,rapid,D02,Queens,350,0.5
black,281,219,62,rapid,C20,Kings,136,1.0
black,248,335,-87,rapid,A00,Van,145,0.0
white,250,267,-17,rapid,B00,Owens,198,0.5
black,218,268,-50,rapid,A10,English,52,0.0
white,185,216,-31,rapid,B00,Nimzowitsch,130,0.0
black,207,100,107,rapid,C20,Kings,18,1.0
white,183,239,-56,rapid,C21,Center,136,0.0
white,207,171,36,rapid,B23,Closed,117,1.0
black,183,207,-24,rapid,C23,Bishops,20,0.0
white,158,142,16,rapid,C41,Philidor,64,0.0
black,179,158,21,rapid,C41,Philidor,30,1.0
white,163,250,-87,rapid,A40,Englund,106,0.0
black,149,257,-108,rapid,B01,Scandinavian,49,0.0
white,167,157,10,rapid,C40,Kings,92,1.0
black,186,206,-20,rapid,C24,Bishops,40,1.0
white,200,137,63,rapid,B07,Pirc,176,1.0
black,211,100,111,rapid,C24,Bishops,148,1.0
black,200,330,-130,rapid,C20,Kings,28,0.0
white,584,735,-151,bullet,C10,French,51,0.0
white,189,282,-93,rapid,B00,Kings,181,0.0
white,177,246,-69,rapid,B02,Alekhines,67,0.0
black,188,106,82,rapid,A45,Indian,59,1.0
white,205,276,-71,rapid,A40,Queens,19,1.0
white,221,302,-81,rapid,A43,Old,92,1.0
black,223,277,-54,rapid,C42,Petrovs,47,0.5
black,232,125,107,rapid,A00,Van,160,1.0
white,240,100,140,rapid,B07,Pirc,78,1.0
black,228,210,18,rapid,D00,Queens,126,0.0
black,239,213,26,rapid,D02,Queens,89,1.0
white,241,314,-73,rapid,B01,Scandinavian,163,0.5
black,233,332,-99,rapid,C10,French,101,0.0
white,225,323,-98,rapid,C45,Scotch,23,0.0
white,224,204,20,rapid,D00,Queens,153,0.5
white,222,148,74,rapid,A40,English,223,0.5
black,229,107,122,rapid,D00,Queens,48,1.0
white,231,311,-80,rapid,C00,French,9,0.5
black,237,114,123,rapid,A00,Mieses,27,1.0
white,227,223,4,rapid,D00,Queens,79,0.0
black,218,260,-42,rapid,D00,Queens,35,0.0
black,227,226,1,rapid,D00,Queens,122,1.0
black,221,340,-119,rapid,D00,Queens,37,0.0
white,213,353,-140,rapid,A40,Queens,39,0.0
white,222,246,-24,rapid,C21,Danish,19,1.0
black,232,286,-54,rapid,C20,Kings,148,1.0
white,223,319,-96,rapid,C00,French,83,0.0
white,232,244,-12,rapid,B01,Scandinavian,10,1.0
black,238,131,107,rapid,A00,Van,27,1.0
white,246,215,31,rapid,B21,Sicilian,20,1.0
black,246,242,4,rapid,A20,English,168,0.5
white,239,292,-53,rapid,A10,English,215,0.0
black,238,179,59,rapid,D00,Queens,244,0.0
black,231,277,-46,rapid,A04,Reti,15,0.0
white,237,137,100,rapid,C40,Kings,66,1.0
white,228,205,23,rapid,B00,Nimzowitsch,81,0.0
white,236,240,-4,rapid,A18,English,200,1.0
black,246,283,-37,rapid,B02,Alekhines,153,1.0
black,247,305,-58,rapid,A40,Queens,7,0.5
black,254,206,48,rapid,C24,Bishops,18,1.0
white,262,239,23,rapid,C40,Kings,145,1.0
black,254,283,-29,rapid,A02,Birds,64,0.0
white,252,179,73,rapid,C00,French,207,0.0
white,259,207,52,rapid,B00,Owens,45,1.0
black,251,270,-19,rapid,C20,Kings,154,0.0
white,243,370,-127,rapid,B00,Kings,117,0.0
white,236,301,-65,rapid,C44,Kings,172,0.0
white,243,191,52,rapid,D00,Queens,80,1.0
black,248,103,145,rapid,B02,Alekhines,30,1.0
black,257,279,-22,rapid,C41,Philidor,68,1.0
black,263,156,107,rapid,C25,Vienna,71,1.0
white,268,100,168,rapid,A41,Queens,54,1.0
black,260,291,-31,rapid,D00,Queens,215,0.0
black,266,178,88,rapid,B07,Pirc,115,1.0
white,271,114,157,rapid,C41,Philidor,139,1.0
white,278,204,74,rapid,C45,Scotch,233,1.0
white,285,209,76,rapid,C20,Kings,192,1.0
black,277,324,-47,rapid,C20,Kings,20,0.0
black,265,164,101,rapid,C20,Kings,16,0.0
black,212,281,-69,rapid,C41,Philidor,143,0.0
white,163,202,-39,rapid,D00,Queens,25,0.0
white,161,146,15,rapid,A20,English,141,0.5
white,123,155,-32,rapid,A40,Englund,155,0.0
black,100,191,-91,rapid,B02,Alekhines,96,0.0
black,100,108,-8,rapid,C20,Kings,28,0.0
white,134,156,-22,rapid,D00,Queens,92,1.0
black,164,169,-5,rapid,C20,Kings,127,1.0
black,187,139,48,rapid,C40,Kings,30,1.0
white,209,159,50,rapid,A40,Englund,20,1.0
black,190,264,-74,rapid,C20,Kings,26,0.0
white,170,198,-28,rapid,A40,Englund,155,0.0
white,154,245,-91,rapid,D00,Queens,213,0.0
white,137,182,-45,rapid,D00,Queens,36,0.0
black,119,140,-21,rapid,C40,Kings,173,0.0
white,136,108,28,rapid,A40,Englund,32,1.0
white,136,143,-7,rapid,A40,Queens,246,0.5
white,152,146,6,rapid,A40,Englund,15,1.0
black,137,162,-25,rapid,C23,Bishops,19,0.0
white,151,117,34,rapid,C00,French,28,1.0
black,138,173,-35,rapid,C25,Vienna,144,0.0
black,152,139,13,rapid,A00,Undefined,116,1.0
black,151,129,22,rapid,A21,English,273,0.5
black,163,144,19,rapid,C20,Kings,80,1.0
white,174,127,47,rapid,B00,Kings,81,1.0
white,174,160,14,rapid,A40,Queens,288,0.5
black,162,166,-4,rapid,B02,Alekhines,95,0.0
black,165,246,-81,rapid,C20,Kings,187,0.5
white,176,142,34,rapid,D20,Queens,64,1.0
black,188,201,-13,rapid,C20,Kings,31,1.0
black,199,196,3,rapid,C23,Bishops,88,1.0
black,189,223,-34,rapid,C20,Kings,28,0.0
black,198,168,30,rapid,D00,Queens,36,1.0
white,208,202,6,rapid,B00,Owens,178,1.0
black,200,276,-76,rapid,D00,Queens,126,0.0
white,209,174,35,rapid,B07,Pirc,223,1.0
white,202,288,-86,rapid,B00,Owens,178,0.0
white,212,222,-10,rapid,A41,Queens,14,1.0
black,220,201,19,rapid,C40,Kings,54,1.0
white,228,208,20,rapid,A45,Indian,50,1.0
white,228,231,-3,rapid,A40,Queens,178,0.0
black,220,223,-3,rapid,C40,Kings,158,0.0
black,214,311,-97,rapid,C26,Vienna,66,0.0
black,222,197,25,rapid,C20,Kings,22,1.0
black,214,248,-34,rapid,C23,Bishops,20,0.0
black,206,244,-38,rapid,C21,Center,202,0.0
black,196,204,-8,rapid,C40,Kings,144,0.0
white,205,152,53,rapid,B00,Nimzowitsch,19,1.0
black,195,199,-4,rapid,C20,Kings,98,0.0
white,203,140,63,rapid,C00,French,34,1.0
white,201,129,72,rapid,C20,Kings,251,0.5
black,210,191,19,rapid,A20,English,34,1.0
white,219,196,23,rapid,B01,Scandinavian,116,1.0
white,209,202,7,rapid,C21,Center,29,0.0
black,217,189,28,rapid,B01,Scandinavian,13,1.0
black,207,159,48,rapid,C20,Bishops,19,0.0
black,215,172,43,rapid,A00,Van,123,1.0
black,214,161,53,rapid,B01,Scandinavian,135,0.5
white,214,198,16,rapid,C20,Kings,328,0.5
black,208,312,-104,rapid,B00,Kings,8,0.0
black,215,164,51,rapid,A40,Englund,177,1.0
white,221,119,102,rapid,C42,Petrovs,23,1.0
white,457,634,-177,bullet,C20,Kings,85,0.0
white,229,208,21,rapid,C20,Kings,39,1.0
black,800,725,75,daily,C20,Kings,11,0.0
white,236,179,57,rapid,B00,Kings,92,1.0
white,230,310,-80,rapid,B01,Scandinavian,145,0.0
black,335,400,-65,bullet,B01,Scandinavian,50,0.0
white,100,328,-228,blitz,B00,Nimzowitsch,210,0.0
black,236,138,98,rapid,A00,Kings,18,1.0
black,242,133,109,rapid,C47,Four,95,1.0
black,249,188,61,rapid,C40,Kings,138,1.0
white,257,224,33,rapid,C00,French,164,1.0
white,248,212,36,rapid,B02,Alekhines,268,0.0
black,100,170,-70,blitz,C40,Kings,27,0.0
black,100,180,-80,blitz,A00,Undefined,140,0.0
white,187,160,27,blitz,C20,Kings,153,1.0
white,137,260,-123,blitz,C33,Kings,98,0.0
black,227,236,-9,bullet,D06,Queens,111,0.0
white,100,168,-68,blitz,C20,Kings,60,0.0
white,256,243,13,rapid,C45,Scotch,123,1.0
black,100,179,-79,blitz,A00,Undefined,77,0.0
black,148,155,-7,blitz,D00,Queens,129,1.0
black,186,147,39,blitz,C47,Four,150,1.0
white,248,271,-23,rapid,C20,Kings,97,0.0
white,240,244,-4,rapid,B01,Scandinavian,72,0.0
white,233,287,-54,rapid,C24,Bishops,33,0.0
white,239,152,87,rapid,B07,Pirc,151,1.0
white,247,230,17,rapid,C20,Kings,57,1.0
black,306,260,46,bullet,C20,Kings,107,1.0
black,245,175,70,rapid,C20,Kings,263,0.5
white,241,278,-37,bullet,B01,Scandinavian,101,0.0
black,300,295,5,bullet,A00,Van,85,1.0
black,341,234,107,bullet,A00,Van,59,1.0
black,377,293,84,bullet,C23,Bishops,107,1.0
white,413,369,44,bullet,C23,Bishops,101,1.0
white,378,403,-25,bullet,B07,Pirc,114,0.0
white,252,215,37,rapid,C20,Kings,161,1.0
white,217,151,66,blitz,C23,Bishops,126,1.0
white,348,389,-41,bullet,C20,Kings,117,0.0
black,372,265,107,bullet,A04,Reti,55,1.0
black,350,432,-82,bullet,C20,Kings,107,0.0
black,325,352,-27,bullet,C28,Vienna,39,0.0
white,303,340,-37,bullet,A00,Van,63,0.0
black,198,368,-170,blitz,D02,Queens,67,0.0
white,252,250,2,rapid,C00,French,26,0.5
black,281,299,-18,bullet,C25,Vienna,57,0.0
black,304,315,-11,bullet,C40,Kings,113,1.0
white,285,310,-25,bullet,C20,Kings,129,0.0
white,242,187,55,rapid,C20,Kings,155,0.0
white,303,265,38,bullet,B01,Scandinavian,130,1.0
white,250,231,19,rapid,C23,Bishops,142,1.0
black,227,184,43,blitz,A30,English,138,1.0
black,196,176,20,blitz,C23,Bishops,21,0.0
black,259,300,-41,rapid,C20,Kings,244,1.0
white,260,323,-63,rapid,B01,Scandinavian,159,0.5
white,267,218,49,rapid,C20,Kings,77,1.0
black,275,236,39,rapid,C40,Kings,275,1.0
white,274,227,47,rapid,B10,Caro,247,0.5
white,266,283,-17,rapid,A00,Undefined,6,0.0
white,273,193,80,rapid,B01,Scandinavian,181,1.0
black,267,401,-134,rapid,A00,Undefined,6,0.0
white,275,252,23,rapid,B00,Kings,119,1.0
black,268,366,-98,rapid,C23,Bishops,20,0.0
black,275,221,54,rapid,C20,Kings,105,1.0
black,284,301,-17,rapid,C23,Bishops,35,1.0
black,276,311,-35,rapid,C20,Kings,156,0.0
white,284,235,49,rapid,B02,Alekhines,53,1.0
white,294,294,0,rapid,B02,Alekhines,38,1.0
white,285,297,-12,rapid,C20,Kings,102,0.0
black,278,388,-110,rapid,B00,Kings,8,0.0
black,222,200,22,blitz,D02,Queens,125,1.0
white,244,187,57,blitz,B01,Scandinavian,72,1.0
white,261,157,104,blitz,A04,Reti,24,1.0
white,242,311,-69,blitz,C20,Kings,103,0.0
black,222,244,-22,blitz,C20,Kings,28,0.0
white,240,190,50,blitz,B02,Alekhines,26,1.0
black,255,161,94,blitz,A06,Reti,105,1.0
black,232,176,56,blitz,C20,Kings,190,0.0
black,232,222,10,blitz,C42,Petrovs,137,0.5
black,250,232,18,blitz,B10,Caro,189,1.0
black,233,258,-25,blitz,A00,Van,25,0.0
black,249,225,24,blitz,C25,Vienna,126,1.0
white,262,173,89,blitz,B02,Alekhines,72,1.0
white,246,258,-12,blitz,B01,Scandinavian,124,0.0
black,234,321,-87,blitz,A40,Queens,7,0.0
black,220,257,-37,blitz,A43,Old,213,0.0
black,209,302,-93,blitz,A21,English,110,0.0
white,195,226,-31,blitz,C50,Italian,160,0.0
black,182,239,-57,blitz,C40,Kings,146,0.0
black,201,213,-12,blitz,C20,Kings,121,1.0
white,292,284,8,rapid,C40,Kings,162,1.0
white,304,240,64,rapid,C40,Kings,102,1.0
white,316,278,38,rapid,C50,Italian,39,1.0
black,218,212,6,blitz,C20,Kings,207,1.0
black,329,308,21,rapid,C20,Kings,118,1.0
white,317,332,-15,rapid,B07,Pirc,116,0.0
black,317,328,-11,rapid,B00,Kings,7,0.5
black,326,211,115,rapid,D00,Queens,114,1.0
white,315,350,-35,rapid,A00,Undefined,6,0.0
black,326,303,23,rapid,D30,Queens,56,1.0
black,336,296,40,rapid,B07,Pirc,39,1.0
white,347,349,-2,rapid,C23,Bishops,58,1.0
white,337,347,-10,rapid,C23,Bishops,110,0.0
white,218,221,-3,blitz,C42,Petrovs,280,0.5
black,347,344,3,rapid,A40,Queens,95,1.0
black,347,342,5,rapid,B02,Alekhines,198,0.5
black,338,382,-44,rapid,B00,Kings,8,0.0
white,329,359,-30,rapid,C41,Philidor,152,0.0
white,330,358,-28,rapid,C20,Kings,231,0.5
black,339,320,19,rapid,B02,Alekhines,21,1.0
white,348,337,11,rapid,C45,Scotch,168,1.0
black,356,336,20,rapid,B02,Alekhines,175,1.0
black,356,358,-2,rapid,C24,Bishops,106,1.0
white,356,358,-2,rapid,C20,Kings,191,0.0
black,348,373,-25,rapid,B00,Nimzowitsch,182,0.0
white,348,373,-25,rapid,C42,Petrovs,153,1.0
black,340,344,-4,rapid,A07,Kings,149,0.0
white,348,335,13,rapid,C20,Kings,170,1.0
black,340,368,-28,rapid,A00,Van,186,0.0
black,333,396,-63,rapid,A04,Reti,261,0.0
white,342,381,-39,rapid,C44,Kings,95,1.0
black,335,392,-57,rapid,A00,Van,233,0.0
black,343,325,18,rapid,A06,Reti,94,1.0
black,205,270,-65,blitz,B02,Alekhines,102,0.0
black,351,331,20,rapid,D02,Queens,84,1.0
black,359,360,-1,rapid,C42,Petrovs,60,1.0
white,368,203,165,rapid,B00,Kings,132,1.0
white,360,393,-33,rapid,C42,Petrovs,106,0.0
black,369,380,-11,rapid,B02,Alekhines,195,1.0
white,377,368,9,rapid,C20,Kings,35,1.0
white,385,350,35,rapid,B00,Owens,118,1.0
white,393,298,95,rapid,B01,Scandinavian,54,1.0
black,393,373,20,rapid,B02,Alekhines,302,0.5
black,401,351,50,rapid,B02,Alekhines,18,1.0
white,409,225,184,rapid,A04,Reti,32,1.0
white,417,375,42,rapid,C44,Kings,17,1.0
black,425,426,-1,rapid,B02,Alekhines,145,1.0
white,425,426,-1,rapid,B10,Caro,193,0.5
black,417,435,-18,rapid,A00,Van,89,0.0
white,426,347,79,rapid,C41,Philidor,168,1.0
white,436,490,-54,rapid,C00,French,82,1.0
white,444,416,28,rapid,C20,Kings,74,1.0
white,438,523,-85,rapid,B01,Scandinavian,405,0.0
black,447,451,-4,rapid,A00,Van,170,1.0
white,456,463,-7,rapid,B12,Caro,117,1.0
black,464,433,31,rapid,B02,Alekhines,14,1.0
white,456,507,-51,rapid,C20,Kings,81,0.0
white,225,279,-54,blitz,C20,Kings,123,1.0
white,448,457,-9,rapid,C20,Kings,206,0.0
black,456,397,59,rapid,A00,Van,22,1.0
white,464,434,30,rapid,C40,Kings,159,1.0
black,472,436,36,rapid,B02,Alekhines,101,1.0
black,479,427,52,rapid,B02,Alekhines,120,1.0
white,479,427,52,rapid,B15,Caro,243,0.0
white,472,522,-50,rapid,B00,Owens,263,0.0
black,463,436,27,rapid,B00,Nimzowitsch,84,0.0
white,454,445,9,rapid,C50,Italian,89,0.0
black,454,445,9,rapid,B01,Scandinavian,109,0.0
white,462,467,-5,rapid,C45,Scotch,87,1.0
white,454,482,-28,rapid,C41,Philidor,128,0.0
black,461,425,36,rapid,C44,Kings,76,1.0
white,469,442,27,rapid,C20,Kings,179,1.0
black,477,443,34,rapid,B01,Scandinavian,204,1.0
white,485,400,85,rapid,C40,Kings,27,1.0
white,476,469,7,rapid,B00,Kings,104,0.0
white,476,464,12,rapid,B01,Scandinavian,130,0.5
white,486,564,-78,rapid,B01,Scandinavian,59,1.0
white,486,477,9,rapid,B01,Scandinavian,216,0.5
black,478,476,2,rapid,B07,Pirc,141,0.0
black,488,562,-74,rapid,B00,Nimzowitsch,128,1.0
black,209,239,-30,blitz,A16,English,157,0.0
black,480,499,-19,rapid,B02,Alekhines,156,0.0
white,480,418,62,rapid,C42,Petrovs,211,1.0
black,480,418,62,rapid,C42,Petrovs,14,0.0
white,471,427,44,rapid,C20,Kings,267,0.0
white,463,470,-7,rapid,C45,Scotch,82,0.0
white,471,453,18,rapid,C41,Philidor,49,1.0
white,481,488,-7,rapid,C26,Vienna,112,1.0
white,489,454,35,rapid,C42,Petrovs,64,1.0
white,497,451,46,rapid,B07,Pirc,90,1.0
white,489,485,4,rapid,B01,Scandinavian,103,0.0
black,481,501,-20,rapid,B20,Kings,198,0.0
black,487,406,81,rapid,B02,Alekhines,101,1.0
white,485,408,77,rapid,B07,Pirc,221,0.5
black,494,415,79,rapid,D02,Queens,113,1.0
black,504,553,-49,rapid,B02,Alekhines,101,1.0
white,512,475,37,rapid,C40,Kings,59,1.0
black,504,504,0,rapid,A40,Queens,184,0.0
white,497,558,-61,rapid,C24,Bishops,130,0.0
white,507,491,16,rapid,C00,French,38,1.0
white,499,519,-20,rapid,C41,Philidor,94,0.0
black,509,586,-77,rapid,B07,Pirc,91,1.0
white,517,480,37,rapid,B02,Alekhines,104,1.0
white,509,521,-12,rapid,B02,Alekhines,180,0.0
black,503,587,-84,rapid,A40,Queens,149,0.0
black,511,478,33,rapid,B02,Alekhines,48,1.0
white,519,524,-5,rapid,B12,Caro,64,1.0
white,527,465,62,rapid,B01,Scandinavian,93,1.0
black,538,638,-100,rapid,C41,Philidor,85,1.0
black,533,709,-176,rapid,C30,Kings,42,0.0
white,525,524,1,rapid,B01,Scandinavian,212,0.0
black,516,510,6,rapid,C20,Kings,55,0.0
white,510,618,-108,rapid,B01,Scandinavian,162,0.0
black,520,475,45,rapid,D00,Queens,37,1.0
white,528,510,18,rapid,B00,Kings,8,1.0
black,536,512,24,rapid,B02,Alekhines,56,1.0
white,536,535,1,rapid,C82,Ruy,199,0.5
white,544,489,55,rapid,C20,Kings,274,1.0
white,536,532,4,rapid,C20,Kings,150,0.0
white,543,506,37,rapid,C42,Petrovs,56,1.0
white,550,498,52,rapid,B20,Sicilian,265,1.0
white,542,555,-13,rapid,B00,Owens,136,0.0
black,550,520,30,rapid,A00,Kings,134,1.0
white,558,544,14,rapid,C50,Italian,20,1.0
black,566,563,3,rapid,B02,Alekhines,45,1.0
white,558,561,-3,rapid,C44,Ponziani,141,0.0
black,550,567,-17,rapid,D00,Queens,109,0.0
white,550,534,16,rapid,C40,Kings,183,0.5
black,550,419,131,rapid,C26,Vienna,44,1.0
black,543,645,-102,rapid,B00,Nimzowitsch,35,0.0
white,550,506,44,rapid,C00,French,91,1.0
white,559,600,-41,rapid,B07,Pirc,76,1.0
black,565,462,103,rapid,B02,Alekhines,26,1.0
white,558,630,-72,rapid,C20,Kings,98,0.0
black,558,416,142,rapid,B02,Alekhines,147,0.5
white,563,411,152,rapid,C45,Scotch,149,1.0
black,555,558,-3,rapid,B02,Alekhines,111,0.0
white,547,583,-36,rapid,C42,Petrovs,178,0.0
white,537,483,54,rapid,C00,French,172,0.0
black,546,566,-20,rapid,A40,Queens,69,1.0
black,538,562,-24,rapid,B02,Alekhines,97,0.0
white,546,511,35,rapid,C40,Kings,16,1.0
white,554,555,-1,rapid,B00,Kings,8,1.0
white,554,554,0,rapid,C44,Ponziani,76,0.5
black,564,644,-80,rapid,A00,Undefined,6,1.0
white,555,512,43,rapid,C44,Kings,150,0.0
black,563,534,29,rapid,C62,Ruy,161,1.0
white,570,498,72,rapid,B00,Kings,86,1.0
black,563,631,-68,rapid,B02,Alekhines,78,0.0
black,555,571,-16,rapid,B02,Alekhines,283,0.0
white,553,482,71,rapid,C45,Scotch,388,0.5
black,546,664,-118,rapid,C26,Vienna,183,0.0
white,536,468,68,rapid,B01,Scandinavian,127,0.0
black,542,433,109,rapid,B02,Alekhines,120,1.0
white,533,536,-3,rapid,C41,Philidor,143,0.0
white,542,569,-27,rapid,B01,Scandinavian,210,1.0
black,535,571,-36,rapid,A00,Kings,154,0.0
black,542,499,43,rapid,B02,Alekhines,61,1.0
white,544,617,-73,rapid,B00,Kings,209,0.5
black,551,474,77,rapid,D07,Queens,22,1.0
white,543,539,4,rapid,C02,French,174,0.0
white,553,585,-32,rapid,C55,Italian,60,1.0
black,551,459,92,rapid,C00,French,256,0.5
white,543,559,-16,rapid,B01,Scandinavian,265,0.0
black,552,558,-6,rapid,B02,Alekhines,185,1.0
black,560,447,113,rapid,C01,French,294,1.0
white,552,547,5,rapid,C50,Italian,130,0.0
white,544,619,-75,rapid,C20,Kings,276,0.0
white,554,627,-73,rapid,B00,Kings,8,1.0
black,562,548,14,rapid,B02,Alekhines,149,1.0
black,557,683,-126,rapid,A00,Van,131,0.0
white,564,508,56,rapid,C20,Kings,24,1.0
black,563,512,51,rapid,A00,Van,218,0.5
black,558,697,-139,rapid,A40,Queens,101,0.0
white,549,508,41,rapid,B02,Alekhines,187,0.0
black,541,556,-15,rapid,B02,Alekhines,114,0.0
white,532,520,12,rapid,B01,Scandinavian,20,0.0
white,540,485,55,rapid,C46,Three,264,1.0
white,540,552,-12,rapid,C55,Italian,214,0.5
white,549,557,-8,rapid,B00,Nimzowitsch,175,1.0
black,547,456,91,rapid,D02,Queens,249,0.5
black,554,487,67,rapid,B02,Alekhines,241,1.0
white,562,553,9,rapid,C47,Four,147,1.0
white,554,588,-34,rapid,C20,Kings,226,0.0
black,545,541,4,rapid,A00,Van,124,0.0
white,552,491,61,rapid,C20,Kings,20,1.0
black,560,545,15,rapid,A00,Undefined,98,1.0
white,569,485,84,rapid,B00,Kings,121,1.0
white,577,543,34,rapid,C20,Kings,21,1.0
black,585,556,29,rapid,B02,Alekhines,98,1.0
black,576,540,36,rapid,A00,Undefined,257,0.0
white,570,693,-123,rapid,C20,Kings,155,0.0
black,577,487,90,rapid,D00,Queens,17,1.0
white,570,630,-60,rapid,C20,Kings,142,0.0
white,562,588,-26,rapid,C20,Kings,160,0.0
black,572,635,-63,rapid,B02,Alekhines,130,1.0
black,579,480,99,rapid,C20,Kings,100,1.0
white,585,479,106,rapid,C20,Kings,164,1.0
black,592,532,60,rapid,B02,Alekhines,149,1.0
white,226,108,118,blitz,C53,Giuoco,203,1.0
white,205,173,32,blitz,C20,Kings,41,0.0
black,602,562,40,rapid,B02,Alekhines,88,1.0
black,228,322,-94,blitz,B29,Sicilian,20,1.0
white,228,322,-94,blitz,C45,Scotch,55,1.0
white,213,284,-71,blitz,C20,Kings,150,0.0
black,593,690,-97,rapid,A00,Van,59,0.0
white,602,647,-45,rapid,B07,Pirc,40,1.0
white,610,480,130,rapid,C20,Kings,35,1.0
black,200,289,-89,blitz,A00,Van,171,0.0
white,212,106,106,blitz,B02,Alekhines,72,1.0
black,602,620,-18,rapid,A40,Queens,165,0.0
white,592,523,69,rapid,C20,Kings,156,0.0
black,586,676,-90,rapid,B00,Kings,8,0.0
black,586,411,175,rapid,B02,Alekhines,242,1.0
black,579,635,-56,rapid,D20,Queens,215,0.0
white,587,552,35,rapid,B20,Sicilian,24,1.0
white,594,516,78,rapid,B00,Owens,54,1.0
black,601,562,39,rapid,B02,Alekhines,10,1.0
black,593,603,-10,rapid,B02,Alekhines,196,0.0
white,600,534,66,rapid,C20,Kings,21,1.0
black,592,625,-33,rapid,B02,Alekhines,34,0.0
white,585,663,-78,rapid,C20,Kings,79,0.0
black,576,588,-12,rapid,C20,Kings,195,0.0
white,568,571,-3,rapid,B15,Caro,134,0.0
black,578,658,-80,rapid,C47,Four,19,1.0
white,586,576,10,rapid,C40,Kings,127,1.0
white,593,536,57,rapid,C20,Kings,118,1.0
black,602,626,-24,rapid,C47,Four,44,1.0
black,609,530,79,rapid,C47,Four,62,1.0
white,615,497,118,rapid,C20,Kings,23,1.0
black,621,519,102,rapid,C47,Four,100,1.0
black,232,334,-102,blitz,B02,Alekhines,65,1.0
white,250,320,-70,blitz,B01,Scandinavian,15,1.0
black,630,657,-27,rapid,C20,Kings,123,1.0
black,620,559,61,rapid,A01,Nimzowitsch,210,0.0
white,612,642,-30,rapid,B01,Scandinavian,222,0.0
white,612,626,-14,rapid,C55,Italian,260,0.5
black,250,334,-84,blitz,C50,Giuoco,178,1.0
black,603,590,13,rapid,A40,Queens,126,0.0
white,267,314,-47,blitz,C42,Petrovs,133,1.0
white,256,341,-85,blitz,C20,Kings,132,0.0
white,611,576,35,rapid,C20,Kings,92,1.0
black,610,563,47,rapid,C23,Bishops,187,0.5
black,266,112,154,blitz,A00,Mieses,55,1.0
white,280,274,6,blitz,C20,Kings,195,1.0
white,268,301,-33,blitz,C00,French,139,0.0
black,256,274,-18,blitz,B07,Pirc,85,0.0
white,618,486,132,rapid,B10,Caro,212,1.0
black,624,521,103,rapid,D00,Queens,16,1.0
white,247,352,-105,blitz,C41,Philidor,122,0.0
black,255,145,110,blitz,B02,Alekhines,29,1.0
white,265,217,48,blitz,C42,Petrovs,96,1.0
black,257,363,-106,blitz,C44,Kings,212,0.0
black,247,279,-32,blitz,A40,Queens,186,0.0
white,257,248,9,blitz,B00,Kings,114,1.0
white,631,555,76,rapid,C20,Kings,32,1.0
black,621,572,49,rapid,C42,Petrovs,126,0.0
white,612,586,26,rapid,C20,Kings,244,0.0
black,618,531,87,rapid,B07,Pirc,61,1.0
white,627,670,-43,rapid,C00,French,133,1.0
white,269,336,-67,blitz,B00,Kings,8,1.0
black,261,343,-82,blitz,C40,Kings,162,0.0
white,635,571,64,rapid,C00,French,64,1.0
black,628,703,-75,rapid,B01,Scandinavian,149,0.0
black,254,363,-109,blitz,B00,Nimzowitsch,205,0.0
white,248,369,-121,blitz,C20,Kings,110,0.0
white,628,403,225,rapid,C20,Kings,114,0.0
black,248,363,-115,blitz,C20,Kings,273,1.0
black,620,654,-34,rapid,A40,Queens,134,0.0
white,613,651,-38,rapid,C44,Ponziani,271,0.0
black,256,215,41,blitz,C20,Kings,26,1.0
white,620,546,74,rapid,C20,Kings,199,1.0
black,628,584,44,rapid,B07,Pirc,140,1.0
white,620,655,-35,rapid,B00,Owens,78,0.0
black,628,575,53,rapid,B00,Nimzowitsch,172,1.0
white,619,610,9,rapid,B01,Scandinavian,119,0.0
white,609,562,47,rapid,C20,Kings,169,0.0
black,617,608,9,rapid,C20,Kings,39,1.0
white,609,615,-6,rapid,C20,Kings,140,0.0
black,249,330,-81,blitz,C41,Philidor,48,0.0
white,616,514,102,rapid,C20,Kings,21,1.0
black,622,517,105,rapid,A00,Van,209,1.0
black,240,249,-9,blitz,C20,Kings,46,0.0
white,249,241,8,blitz,C25,Vienna,169,1.0
white,615,662,-47,rapid,B02,Alekhines,133,0.0
black,621,497,124,rapid,A40,Englund,148,1.0
white,629,504,125,rapid,B00,Kings,73,1.0
black,620,583,37,rapid,A01,Nimzowitsch,214,0.0
white,260,329,-69,blitz,C00,French,69,1.0
white,628,615,13,rapid,C20,Kings,123,1.0
black,618,549,69,rapid,C45,Scotch,206,0.0
white,609,603,6,rapid,C20,Kings,226,0.0
black,600,570,30,rapid,C41,Philidor,166,0.0
black,607,518,89,rapid,C41,Philidor,104,1.0
white,613,531,82,rapid,B02,Alekhines,68,1.0
white,603,527,76,rapid,C20,Kings,121,0.0
black,595,621,-26,rapid,C20,Kings,126,0.0
white,602,515,87,rapid,C20,Kings,156,1.0
black,595,646,-51,rapid,A40,Queens,138,0.0
white,586,568,18,rapid,C20,Kings,182,0.0
black,596,655,-59,rapid,A21,English,65,1.0
black,587,566,21,rapid,B02,Alekhines,184,0.0
white,594,534,60,rapid,B02,Alekhines,126,1.0
white,602,574,28,rapid,C47,Four,104,1.0
black,609,570,39,rapid,C40,Kings,255,1.0
white,616,534,82,rapid,B02,Alekhines,142,1.0
black,253,344,-91,blitz,C20,Kings,112,0.0
white,261,239,22,blitz,B00,Kings,89,1.0
white,608,606,2,rapid,C20,Kings,98,0.0
black,607,585,22,rapid,D00,Queens,187,0.5
black,597,527,70,rapid,D00,Queens,157,0.0
black,598,624,-26,rapid,C23,Bishops,308,0.0
white,605,549,56,rapid,C00,French,78,1.0
black,268,170,98,blitz,D00,Queens,112,1.0
white,597,616,-19,rapid,B07,Pirc,131,0.0
black,591,733,-142,rapid,B07,Pirc,166,0.0
white,583,624,-41,rapid,C20,Kings,183,0.0
black,590,511,79,rapid,C23,Bishops,20,1.0
white,598,548,50,rapid,C20,Kings,137,1.0
black,605,561,44,rapid,C20,Kings,121,1.0
white,261,312,-51,blitz,B01,Scandinavian,12,0.0
black,268,115,153,blitz,A00,Undefined,146,1.0
white,261,301,-40,blitz,B02,Alekhines,95,0.0
black,267,157,110,blitz,C41,Philidor,112,1.0
black,612,551,61,rapid,A06,Reti,152,1.0
white,276,304,-28,blitz,C20,Kings,21,1.0
white,285,328,-43,blitz,B00,Kings,76,1.0
black,620,476,144,rapid,B50,Sicilian,78,1.0
white,293,266,27,blitz,C20,Kings,114,1.0
black,285,291,-6,blitz,C20,Kings,146,0.0
white,612,610,2,rapid,C40,Kings,238,0.0
black,292,255,37,blitz,A00,Van,121,1.0
white,619,577,42,rapid,C20,Kings,222,1.0
black,627,592,35,rapid,D30,Queens,80,1.0
black,287,432,-145,blitz,C20,Kings,126,0.0
black,633,536,97,rapid,C20,Kings,26,1.0
white,624,612,12,rapid,C00,French,192,0.0
white,630,533,97,rapid,C20,Kings,154,1.0
white,279,279,0,blitz,B00,Kings,67,0.0
black,286,203,83,blitz,A00,Van,174,1.0
white,622,646,-24,rapid,B01,Scandinavian,100,0.0
black,279,344,-65,blitz,C20,Bishops,39,0.0
white,288,327,-39,blitz,C00,French,89,1.0
black,630,594,36,rapid,A06,Reti,110,1.0
white,622,630,-8,rapid,C55,Italian,72,0.0
white,335,285,50,bullet,C20,Kings,112,1.0
white,280,329,-49,blitz,B02,Alekhines,100,0.0
black,615,694,-79,rapid,C20,Kings,167,0.0
black,616,648,-32,rapid,C42,Petrovs,108,0.5
white,291,400,-109,blitz,B00,Kings,8,1.0
black,281,234,47,blitz,C20,Kings,157,0.0
black,624,623,1,rapid,C20,Kings,111,1.0
white,617,665,-48,rapid,C25,Vienna,183,0.0
white,624,468,156,rapid,C20,Kings,68,1.0
white,275,377,-102,blitz,C20,Kings,42,0.0
black,266,243,23,blitz,C40,Kings,92,0.0
white,616,624,-8,rapid,B01,Scandinavian,144,0.0
black,260,362,-102,blitz,D03,Queens,198,0.0
white,270,291,-21,blitz,C20,Kings,32,1.0
black,264,354,-90,blitz,C20,Kings,32,0.0
black,271,196,75,blitz,D00,Queens,56,1.0
black,281,347,-66,blitz,C40,Kings,214,1.0
white,623,444,179,rapid,C20,Kings,98,1.0
black,616,662,-46,rapid,C20,Kings,141,0.0
black,607,699,-92,rapid,C42,Petrovs,62,0.0
white,616,587,29,rapid,C02,French,91,1.0
black,618,675,-57,rapid,C44,Kings,158,0.5
black,611,673,-62,rapid,C40,Kings,155,0.0
white,601,513,88,rapid,C20,Kings,85,0.0
white,611,632,-21,rapid,C20,Kings,230,1.0
black,619,579,40,rapid,C45,Scotch,59,1.0
white,612,683,-71,rapid,C25,Vienna,114,0.0
black,606,696,-90,rapid,D20,Queens,358,0.0
white,599,638,-39,rapid,C00,French,136,0.0
white,600,648,-48,rapid,C20,Kings,407,0.5
black,272,261,11,blitz,B00,Kings,8,0.0
white,280,259,21,blitz,B00,Kings,34,1.0
black,271,257,14,blitz,C21,Center,92,0.0
white,609,620,-11,rapid,B00,Kings,8,1.0
black,618,630,-12,rapid,C23,Bishops,70,1.0
black,626,595,31,rapid,A00,Undefined,6,1.0
white,618,646,-28,rapid,C20,Kings,162,0.0
black,624,531,93,rapid,A00,Mieses,105,1.0
white,632,486,146,rapid,C20,Kings,81,1.0
white,639,583,56,rapid,C00,French,141,1.0
black,361,228,133,bullet,C40,Kings,70,1.0
white,396,425,-29,bullet,B00,Kings,8,1.0
black,638,601,37,rapid,C40,Kings,236,0.5
white,630,637,-7,rapid,C60,Ruy,74,0.0
black,638,620,18,rapid,D00,Queens,97,1.0
white,637,613,24,rapid,C24,Bishops,235,0.5
black,263,289,-26,blitz,C20,Bishops,50,0.0
white,264,284,-20,blitz,C20,Kings,189,0.5
white,627,575,52,rapid,B01,Scandinavian,131,0.0
black,257,332,-75,blitz,D00,Queens,40,0.0
black,250,298,-48,blitz,C40,Kings,54,0.0
black,636,667,-31,rapid,C20,Kings,34,1.0
black,626,575,51,rapid,C20,Kings,113,0.0
white,625,586,39,rapid,B00,Nimzowitsch,286,0.5
white,257,199,58,blitz,C25,Vienna,30,1.0
black,248,345,-97,blitz,C47,Four,37,0.0
white,239,209,30,blitz,C20,Kings,33,0.0
black,240,266,-26,blitz,C20,Kings,319,0.5
black,633,599,34,rapid,A00,Undefined,6,1.0
black,641,618,23,rapid,C60,Ruy,214,1.0
white,233,334,-101,blitz,B02,Alekhines,90,0.0
white,224,216,8,blitz,C20,Kings,66,0.0
white,232,228,4,blitz,B07,Pirc,138,1.0
black,648,569,79,rapid,C41,Philidor,88,1.0
black,638,578,60,rapid,C20,Kings,160,0.0
white,223,212,11,blitz,B00,Nimzowitsch,151,0.0
white,215,251,-36,blitz,C20,Kings,125,0.0
white,205,212,-7,blitz,C00,French,160,0.0
black,196,186,10,blitz,A04,Reti,65,0.0
white,202,100,102,blitz,B01,Scandinavian,70,1.0
black,645,599,46,rapid,D00,Queens,53,1.0
black,209,164,45,blitz,C40,Kings,214,1.0
black,635,590,45,rapid,D20,Queens,96,0.0
white,627,655,-28,rapid,C50,Giuoco,114,0.0
black,618,585,33,rapid,D00,Queens,119,0.0
black,625,551,74,rapid,C40,Kings,133,1.0
white,216,146,70,blitz,C20,Kings,122,1.0
white,225,221,4,blitz,C20,Kings,115,1.0
white,632,581,51,rapid,C26,Vienna,72,1.0
white,639,565,74,rapid,B01,Scandinavian,185,1.0
black,646,597,49,rapid,C20,Kings,108,1.0
black,231,117,114,blitz,A40,Englund,82,1.0
black,238,199,39,blitz,A00,Undefined,149,1.0
white,652,563,89,rapid,C20,Kings,148,1.0
black,238,257,-19,blitz,C40,Kings,150,0.5
black,660,641,19,rapid,D00,Queens,100,1.0
white,232,350,-118,blitz,B10,Caro,50,0.0
white,225,297,-72,blitz,C20,Kings,89,0.0
black,667,625,42,rapid,A00,Van,207,1.0
white,658,624,34,rapid,C25,Vienna,118,0.0
white,219,324,-105,blitz,B00,Kings,47,0.0
black,228,233,-5,blitz,A40,Englund,40,1.0
black,222,323,-101,blitz,C40,Kings,82,0.0
white,417,297,120,bullet,C00,French,59,1.0
black,649,614,35,rapid,C20,Kings,82,0.0
black,233,332,-99,blitz,A00,Van,72,1.0
white,657,589,68,rapid,B01,Scandinavian,253,1.0
white,647,587,60,rapid,C20,Kings,181,0.0
white,654,611,43,rapid,C20,Kings,109,1.0
black,661,583,78,rapid,C42,Petrovs,111,1.0
white,225,230,-5,blitz,C20,Kings,73,0.0
black,654,716,-62,rapid,B02,Alekhines,132,0.0
white,237,379,-142,blitz,C20,Kings,80,1.0
black,247,296,-49,blitz,C20,Kings,103,1.0
white,241,513,-272,blitz,C00,French,56,0.0
black,233,246,-13,blitz,A40,Englund,178,0.0
white,227,323,-96,blitz,C20,Kings,152,0.0
black,234,173,61,blitz,A00,Van,42,1.0
black,242,241,1,blitz,C20,Kings,200,1.0
white,645,611,34,rapid,C50,Italian,99,0.0
white,637,665,-28,rapid,C20,Kings,68,0.0
black,629,649,-20,rapid,C20,Kings,97,0.0
white,637,614,23,rapid,C20,Kings,123,1.0
black,644,585,59,rapid,D02,Queens,90,1.0
white,636,668,-32,rapid,C20,Kings,96,0.0
black,234,265,-31,blitz,C47,Four,99,0.0
black,627,581,46,rapid,A00,Saragossa,106,0.0
white,635,630,5,rapid,C40,Kings,122,1.0
black,627,635,-8,rapid,D03,Queens,205,0.0
black,240,132,108,blitz,D00,Queens,139,1.0
white,636,659,-23,rapid,C00,French,182,1.0
black,249,229,20,blitz,C20,Kings,129,1.0
white,257,247,10,blitz,C20,Kings,60,1.0
white,266,312,-46,blitz,C20,Kings,188,1.0
white,275,281,-6,blitz,B00,Kings,8,1.0
black,267,289,-22,blitz,D10,Slav,83,0.0
black,643,604,39,rapid,C20,Kings,181,1.0
white,258,212,46,blitz,B02,Alekhines,202,0.0
white,633,553,80,rapid,C20,Kings,211,0.0
black,626,680,-54,rapid,B02,Alekhines,100,0.0
black,634,634,0,rapid,B01,Scandinavian,267,1.0
white,640,536,104,rapid,C20,Kings,86,1.0
black,632,632,0,rapid,B01,Scandinavian,273,0.0
white,250,278,-28,blitz,C20,Kings,85,0.0
white,242,275,-33,blitz,C20,Kings,127,0.0
black,234,266,-32,blitz,A00,Mieses,162,0.0
white,242,229,13,blitz,C00,French,43,1.0
black,250,228,22,blitz,D02,Queens,210,1.0
white,255,120,135,blitz,C20,Kings,106,1.0
black,262,194,68,blitz,A06,Reti,155,1.0
white,624,654,-30,rapid,B12,Caro,156,0.0
black,271,276,-5,blitz,C40,Kings,121,1.0
black,281,326,-45,blitz,D00,Queens,124,1.0
white,272,245,27,blitz,B07,Pirc,111,0.0
white,280,254,26,blitz,B00,Nimzowitsch,52,1.0
black,632,626,6,rapid,B01,Scandinavian,23,1.0
black,639,590,49,rapid,B01,Scandinavian,97,1.0
white,647,616,31,rapid,C23,Bishops,47,1.0
white,273,321,-48,blitz,B06,Modern,192,0.0
black,279,181,98,blitz,C20,Kings,101,1.0
black,270,262,8,blitz,B01,Scandinavian,39,0.0
white,656,695,-39,rapid,C55,Italian,212,1.0
black,278,252,26,blitz,C25,Vienna,201,1.0
white,664,635,29,rapid,C20,Kings,149,1.0
white,272,354,-82,blitz,B00,Kings,142,0.0
black,265,316,-51,blitz,C02,French,79,0.0
white,259,393,-134,blitz,B01,Scandinavian,68,0.0
black,266,135,131,blitz,A03,Birds,30,1.0
black,257,239,18,blitz,B01,Scandinavian,108,0.0
white,263,181,82,blitz,C00,French,132,1.0
black,671,618,53,rapid,C00,French,27,1.0
white,662,662,0,rapid,C24,Bishops,306,0.0
black,272,309,-37,blitz,B01,Scandinavian,175,1.0
black,280,261,19,blitz,D00,Queens,105,1.0
white,285,133,152,blitz,C00,French,54,1.0
white,293,262,31,blitz,C20,Kings,37,1.0
black,400,560,-160,bullet,B01,Scandinavian,103,0.0
black,285,296,-11,blitz,A06,Reti,32,0.0
white,667,514,153,rapid,B02,Alekhines,27,1.0
white,294,311,-17,blitz,B01,Scandinavian,143,1.0
black,657,591,66,rapid,B01,Scandinavian,48,0.0
white,650,711,-61,rapid,C23,Bishops,56,0.0
black,656,545,111,rapid,B01,Scandinavian,197,1.0
white,663,625,38,rapid,C20,Kings,195,1.0
black,654,632,22,rapid,D00,Queens,223,0.0
white,295,318,-23,blitz,C20,Kings,232,0.0
white,302,249,53,blitz,C20,Kings,31,1.0
black,311,322,-11,blitz,A00,Kings,73,1.0
black,319,298,21,blitz,B01,Scandinavian,120,1.0
white,327,298,29,blitz,C20,Kings,139,1.0
white,335,308,27,blitz,C20,Kings,65,1.0
black,327,342,-15,blitz,D00,Queens,81,0.0
white,319,350,-31,blitz,C20,Kings,241,0.0
white,311,325,-14,blitz,C20,Kings,102,0.0
black,660,568,92,rapid,A00,Van,88,1.0
white,318,269,49,blitz,C20,Kings,122,1.0
black,310,341,-31,blitz,B01,Scandinavian,37,0.0
black,304,406,-102,blitz,B01,Scandinavian,84,0.0
black,311,237,74,blitz,B01,Scandinavian,111,1.0
white,321,409,-88,blitz,C20,Kings,49,1.0
white,312,279,33,blitz,C20,Kings,116,0.0
black,319,275,44,blitz,B10,Caro,132,1.0
white,313,431,-118,blitz,C20,Kings,133,0.0
black,668,641,27,rapid,B01,Scandinavian,114,1.0
black,676,563,113,rapid,B15,Caro,113,1.0
white,317,124,193,blitz,C20,Kings,53,1.0
white,309,409,-100,blitz,C20,Kings,170,0.0
black,302,366,-64,blitz,B01,Scandinavian,27,0.0
white,312,391,-79,blitz,C00,French,186,1.0
black,306,403,-97,blitz,B01,Scandinavian,167,0.0
black,299,346,-47,blitz,A00,Van,35,0.0
white,310,422,-112,blitz,C20,Kings,43,1.0
white,318,286,32,blitz,C20,Kings,83,1.0
black,325,273,52,blitz,A00,Van,78,1.0
black,333,298,35,blitz,B10,Caro,144,1.0
black,667,649,18,rapid,B01,Scandinavian,64,0.0
white,658,619,39,rapid,C40,Kings,153,0.0
white,667,702,-35,rapid,C20,Kings,39,1.0
black,660,706,-46,rapid,D00,Queens,125,0.0
white,666,575,91,rapid,C20,Kings,260,1.0
black,323,246,77,blitz,D02,Queens,137,0.0
white,659,700,-41,rapid,C20,Kings,238,0.0
white,652,722,-70,rapid,C20,Kings,57,0.0
black,643,609,34,rapid,D00,Queens,161,0.0
white,634,624,10,rapid,B07,Pirc,141,0.0
black,626,656,-30,rapid,B01,Scandinavian,129,0.0
white,314,302,12,blitz,C20,Kings,87,0.0
white,323,309,14,blitz,B01,Scandinavian,186,1.0
black,316,376,-60,blitz,B01,Scandinavian,67,0.0
black,321,188,133,blitz,B01,Scandinavian,132,1.0
white,634,485,149,rapid,C42,Petrovs,177,1.0
black,641,576,65,rapid,A00,Van,84,1.0
white,648,582,66,rapid,B01,Scandinavian,156,1.0
black,638,568,70,rapid,D02,Queens,231,0.0
black,321,347,-26,blitz,B01,Scandinavian,16,0.0
black,314,389,-75,blitz,D00,Queens,95,0.0
white,306,305,1,blitz,B20,Sicilian,24,0.0
white,316,363,-47,blitz,C20,Kings,158,1.0
black,311,447,-136,blitz,C00,French,130,0.0
white,305,384,-79,blitz,A00,Van,77,0.0
black,313,295,18,blitz,B10,Caro,166,1.0
white,644,557,87,rapid,B01,Scandinavian,49,1.0
black,635,746,-111,rapid,B02,Alekhines,159,0.0
black,321,295,26,blitz,C41,Philidor,173,1.0
black,626,619,7,rapid,B01,Scandinavian,196,0.0
white,633,572,61,rapid,B01,Scandinavian,84,1.0
white,625,638,-13,rapid,B40,Sicilian,180,0.0
black,618,659,-41,rapid,C00,French,188,0.0
black,327,234,93,blitz,B01,Scandinavian,116,1.0
white,625,525,100,rapid,B01,Scandinavian,48,1.0
white,632,551,81,rapid,B02,Alekhines,177,1.0
white,638,529,109,rapid,C20,Kings,36,1.0
black,334,269,65,blitz,B01,Scandinavian,105,1.0
white,340,216,124,blitz,C20,Kings,166,1.0
black,346,203,143,blitz,C00,French,130,1.0
white,357,475,-118,blitz,C20,Kings,74,1.0
black,653,554,99,rapid,A00,Van,10,1.0
white,643,604,39,rapid,C23,Bishops,108,0.0
black,649,568,81,rapid,A00,Van,130,1.0
white,364,229,135,blitz,C20,Kings,201,1.0
black,640,604,36,rapid,B02,Alekhines,100,0.0
white,632,646,-14,rapid,B01,Scandinavian,84,0.0
white,638,539,99,rapid,C20,Kings,20,1.0
black,644,556,88,rapid,D00,Queens,102,1.0
black,354,275,79,blitz,C41,Philidor,114,0.0
white,639,793,-154,rapid,C44,Kings,74,0.0
black,631,687,-56,rapid,C41,Philidor,71,0.0
white,623,658,-35,rapid,C25,Vienna,55,0.0
black,615,610,5,rapid,A04,Reti,120,0.0
black,362,345,17,blitz,A00,Van,182,1.0
white,352,291,61,blitz,D00,Queens,101,0.0
white,358,196,162,blitz,B02,Alekhines,138,1.0
black,368,417,-49,blitz,D00,Queens,196,1.0
black,377,381,-4,blitz,A21,English,202,1.0
white,367,316,51,blitz,C47,Four,85,0.0
white,607,649,-42,rapid,B07,Pirc,182,0.0
black,614,517,97,rapid,B01,Scandinavian,105,1.0
white,357,355,2,blitz,C47,Four,67,0.0
black,365,342,23,blitz,C20,Kings,20,1.0
white,371,252,119,blitz,B20,Sicilian,111,1.0
black,621,543,78,rapid,D04,Colle,170,1.0
white,362,393,-31,blitz,B01,Scandinavian,246,0.0
black,352,272,80,blitz,C00,French,165,0.0
white,352,342,10,blitz,C46,Three,26,0.5
black,360,334,26,blitz,C25,Vienna,161,1.0
white,370,439,-69,blitz,C40,Kings,53,1.0
black,368,287,81,blitz,D00,Queens,301,0.0
black,362,450,-88,blitz,C23,Bishops,81,0.0
white,357,492,-135,blitz,C42,Petrovs,127,0.0
black,365,333,32,blitz,C50,Giuoco,64,1.0
white,375,443,-68,blitz,C42,Petrovs,108,1.0
black,369,458,-89,blitz,D03,Queens,104,0.0
white,377,381,-4,blitz,B07,Pirc,147,1.0
white,628,576,52,rapid,C50,Italian,122,1.0
black,369,391,-22,blitz,B01,Scandinavian,56,0.0
white,359,311,48,blitz,C20,Kings,41,0.0
white,365,237,128,blitz,C20,Kings,135,1.0
white,371,277,94,blitz,B01,Scandinavian,192,1.0
black,377,257,120,blitz,A00,Saragossa,178,1.0
black,384,323,61,blitz,B01,Scandinavian,155,1.0
black,394,451,-57,blitz,B01,Scandinavian,136,1.0
white,404,332,72,blitz,C40,Kings,136,1.0
black,413,431,-18,blitz,C00,French,99,1.0
white,422,455,-33,blitz,C20,Kings,103,1.0
black,415,456,-41,blitz,B01,Scandinavian,185,0.0
white,409,600,-191,blitz,C47,Four,129,0.0
black,415,326,89,blitz,D00,Queens,160,1.0
black,412,661,-249,blitz,B01,Scandinavian,182,0.0
white,422,478,-56,blitz,B00,Nimzowitsch,81,1.0
black,427,190,237,blitz,D00,Queens,40,1.0
white,437,494,-57,blitz,C20,Kings,104,1.0
white,445,312,133,blitz,B00,Kings,95,1.0
white,452,352,100,blitz,C20,Kings,216,1.0
black,458,368,90,blitz,A00,Van,148,1.0
black,452,535,-83,blitz,C40,Kings,245,0.0
white,634,528,106,rapid,C20,Kings,198,1.0
black,458,355,103,blitz,A01,Nimzowitsch,107,1.0
white,464,348,116,blitz,C00,French,149,1.0
white,475,587,-112,blitz,C20,Kings,85,1.0
black,484,463,21,blitz,B02,Alekhines,189,1.0
black,476,476,0,blitz,B01,Scandinavian,117,0.0
white,471,640,-169,blitz,C20,Kings,44,0.0
black,479,481,-2,blitz,A00,Van,184,1.0
black,474,617,-143,blitz,B01,Scandinavian,112,0.0
white,467,528,-61,blitz,C20,Kings,137,0.0
black,458,430,28,blitz,D00,Queens,144,0.0
white,465,257,208,blitz,B07,Pirc,27,1.0
black,472,401,71,blitz,B01,Scandinavian,51,1.0
white,463,444,19,blitz,C00,French,91,0.0
black,470,426,44,blitz,B01,Scandinavian,133,1.0
white,462,469,-7,blitz,B00,Kings,172,0.0
white,451,330,121,blitz,C20,Kings,185,0.0
black,441,392,49,blitz,C20,Bishops,75,0.0
black,448,403,45,blitz,D02,Queens,145,1.0
white,455,386,69,blitz,C20,Kings,139,1.0
white,447,466,-19,blitz,B00,Kings,186,0.0
white,441,558,-117,blitz,C20,Kings,183,0.0
black,433,439,-6,blitz,D00,Queens,143,0.0
black,428,572,-144,blitz,B01,Scandinavian,137,0.0
white,438,500,-62,blitz,B06,Modern,114,1.0
black,429,421,8,blitz,D00,Queens,142,0.0
black,435,328,107,blitz,B01,Scandinavian,24,1.0
white,445,518,-73,blitz,C20,Kings,43,1.0
white,434,323,111,blitz,C20,Kings,82,0.0
black,428,537,-109,blitz,B01,Scandinavian,186,0.0
black,422,564,-142,blitz,A00,Van,102,0.0
white,414,427,-13,blitz,C20,Kings,148,0.0
black,423,430,-7,blitz,B01,Scandinavian,111,1.0
white,418,569,-151,blitz,C20,Kings,123,0.0
black,427,372,55,blitz,D02,Queens,158,1.0
white,433,338,95,blitz,C50,Italian,43,1.0
white,441,249,192,blitz,C50,Italian,28,1.0
white,432,406,26,blitz,B00,Kings,149,0.0
black,423,375,48,blitz,B01,Scandinavian,121,0.0
black,432,476,-44,blitz,A00,Mieses,119,1.0
white,427,572,-145,blitz,C00,French,107,0.0
black,436,479,-43,blitz,B01,Scandinavian,149,1.0
black,445,458,-13,blitz,C40,Kings,296,1.0
white,437,476,-39,blitz,C40,Kings,242,0.0
black,442,288,154,blitz,B15,Caro,57,1.0
white,449,409,40,blitz,C55,Italian,87,1.0
black,454,306,148,blitz,A00,Van,172,1.0
white,381,506,-125,bullet,B00,Nimzowitsch,162,0.0
black,404,347,57,bullet,B01,Scandinavian,63,1.0
white,464,524,-60,blitz,C20,Kings,197,1.0
white,454,378,76,blitz,C20,Kings,147,0.0
black,444,388,56,blitz,B12,Caro,108,0.0
white,436,437,-1,blitz,B00,Nimzowitsch,119,0.0
black,426,358,68,blitz,B01,Scandinavian,76,0.0
black,433,386,47,blitz,A00,Van,134,1.0
black,443,513,-70,blitz,B01,Scandinavian,96,1.0
white,448,314,134,blitz,B01,Scandinavian,173,1.0
white,461,659,-198,blitz,C20,Kings,236,1.0
white,450,322,128,blitz,C20,Kings,157,0.0
black,456,345,111,blitz,B01,Scandinavian,25,1.0
black,465,487,-22,blitz,B01,Scandinavian,240,1.0
white,473,383,90,blitz,C20,Kings,140,1.0
white,627,679,-52,rapid,C00,French,82,0.0
black,618,583,35,rapid,A00,Kings,36,0.0
black,473,464,9,blitz,A00,Van,168,0.0
white,463,381,82,blitz,C20,Kings,212,0.0
white,455,487,-32,blitz,B00,Nimzowitsch,109,0.0
black,461,375,86,blitz,C20,Kings,128,1.0
white,470,488,-18,blitz,B01,Scandinavian,158,1.0
black,479,316,163,blitz,A00,Mieses,89,1.0
black,487,467,20,blitz,B10,Caro,131,1.0
white,495,460,35,blitz,B00,Owens,12,1.0
white,503,483,20,blitz,C20,Kings,130,1.0
white,511,466,45,blitz,B30,Sicilian,141,1.0
black,517,373,144,blitz,A04,Reti,172,1.0
black,524,469,55,blitz,D00,Queens,133,1.0
white,530,423,107,blitz,C40,Kings,110,1.0
white,520,452,68,blitz,B01,Scandinavian,60,0.0
black,527,460,67,blitz,D00,Queens,125,1.0
black,532,383,149,blitz,D10,Slav,77,1.0
black,537,385,152,blitz,C20,Bishops,30,1.0
black,625,570,55,rapid,C20,Bishops,147,1.0
white,532,666,-134,blitz,B10,Caro,194,0.0
white,521,402,119,blitz,C20,Kings,128,0.0
white,509,373,136,blitz,C20,Kings,63,0.0
black,498,397,101,blitz,C40,Kings,181,0.0
white,503,351,152,blitz,C00,French,79,1.0
black,510,445,65,blitz,B01,Scandinavian,77,1.0
white,518,483,35,blitz,A04,Reti,134,1.0
black,523,391,132,blitz,B07,Pirc,119,1.0
white,530,484,46,blitz,B01,Scandinavian,138,1.0
black,615,553,62,rapid,C24,Bishops,41,0.0
black,605,539,66,rapid,C00,French,166,0.0
white,537,483,54,blitz,B01,Scandinavian,50,1.0
black,529,529,0,blitz,C47,Four,151,0.0
white,537,531,6,blitz,B01,Scandinavian,166,1.0
white,528,499,29,blitz,C44,Kings,15,0.0
black,539,664,-125,blitz,B01,Scandinavian,150,1.0
black,531,535,-4,blitz,B01,Scandinavian,149,0.0
white,522,518,4,blitz,C20,Kings,141,0.0
black,529,457,72,blitz,B01,Scandinavian,103,1.0
white,524,668,-144,blitz,B01,Scandinavian,105,0.0
black,518,612,-94,blitz,C00,French,145,0.0
white,527,443,84,blitz,B01,Scandinavian,98,1.0
white,517,464,53,blitz,B01,Scandinavian,168,0.0
black,506,381,125,blitz,B01,Scandinavian,49,0.0
white,501,648,-147,blitz,C40,Kings,120,0.0
black,493,499,-6,blitz,C41,Philidor,191,0.0
white,501,478,23,blitz,C46,Three,169,1.0
white,506,369,137,blitz,C20,Kings,136,1.0
black,598,661,-63,rapid,A00,Saragossa,146,0.0
black,498,517,-19,blitz,C20,Kings,189,0.0
black,505,426,79,blitz,D00,Queens,164,1.0
white,497,531,-34,blitz,C20,Kings,77,0.0
white,504,454,50,blitz,A00,Van,121,1.0
white,495,463,32,blitz,B01,Scandinavian,105,0.0
black,501,401,100,blitz,B01,Scandinavian,115,1.0
black,509,475,34,blitz,B01,Scandinavian,193,1.0
black,517,510,7,blitz,B01,Scandinavian,171,1.0
white,506,411,95,blitz,C20,Kings,125,0.0
black,496,429,67,blitz,D00,Queens,163,0.0
white,488,486,2,blitz,B01,Scandinavian,176,0.0
white,496,459,37,blitz,C47,Four,61,1.0
white,488,511,-23,blitz,C47,Four,63,0.0
black,479,459,20,blitz,B01,Scandinavian,88,0.0
black,472,551,-79,blitz,B01,Scandinavian,109,0.0
white,465,501,-36,blitz,C00,French,132,0.0
black,474,489,-15,blitz,C00,French,124,1.0
black,467,523,-56,blitz,D00,Queens,30,0.0
white,474,417,57,blitz,C40,Kings,133,1.0
white,481,445,36,blitz,C47,Four,103,1.0
black,475,610,-135,blitz,C25,Vienna,45,0.0
white,466,430,36,blitz,C50,Giuoco,112,0.0
black,604,497,107,rapid,D02,Queens,131,1.0
white,455,341,114,blitz,C46,Three,195,0.0
black,461,358,103,blitz,B15,Caro,71,1.0
white,468,258,210,blitz,C20,Kings,112,1.0
black,476,469,7,blitz,B01,Scandinavian,123,1.0
white,471,604,-133,blitz,B02,Alekhines,188,0.0
black,478,400,78,blitz,B01,Scandinavian,113,1.0
white,487,523,-36,blitz,B10,Caro,93,1.0
black,482,631,-149,blitz,A00,Kings,65,0.0
white,476,594,-118,blitz,C40,Kings,125,0.0
white,482,380,102,blitz,B01,Scandinavian,133,1.0
black,490,475,15,blitz,B01,Scandinavian,10,1.0
black,499,465,34,blitz,A20,English,77,1.0
white,507,475,32,blitz,C44,Kings,114,1.0
white,504,397,107,blitz,A04,Reti,59,0.5
black,510,413,97,blitz,B01,Scandinavian,94,1.0
black,503,575,-72,blitz,B00,Nimzowitsch,86,0.0
black,496,562,-66,blitz,B01,Scandinavian,145,0.0
white,501,337,164,blitz,C40,Kings,117,1.0
black,509,501,8,blitz,D02,Queens,126,1.0
white,520,655,-135,blitz,C40,Kings,11,1.0
black,513,579,-66,blitz,D07,Queens,95,0.0
white,523,576,-53,blitz,B07,Pirc,45,1.0
white,516,578,-62,blitz,A00,Van,110,0.0
white,523,451,72,blitz,A45,Indian,105,1.0
black,513,452,61,blitz,B01,Scandinavian,56,0.0
black,505,527,-22,blitz,B01,Scandinavian,129,0.0
white,503,405,98,blitz,C42,Petrovs,226,0.5
black,510,442,68,blitz,D00,Queens,227,1.0
black,522,693,-171,blitz,B00,Nimzowitsch,91,1.0
white,531,535,-4,blitz,A00,Van,64,1.0
white,612,575,37,rapid,C20,Kings,70,1.0
black,524,570,-46,blitz,A00,Undefined,106,0.0
white,517,602,-85,blitz,C42,Petrovs,193,0.0
black,522,385,137,blitz,B01,Scandinavian,184,1.0
white,517,673,-156,blitz,C42,Petrovs,191,0.0
black,525,528,-3,blitz,C02,French,115,1.0
black,514,399,115,blitz,A00,Polish,165,0.0
white,506,534,-28,blitz,C42,Petrovs,76,0.0
white,620,603,17,rapid,B00,Owens,187,1.0
white,511,370,141,blitz,B01,Scandinavian,138,1.0
black,520,534,-14,blitz,B01,Scandinavian,148,1.0
black,509,417,92,blitz,A01,Nimzowitsch,107,0.0
black,517,521,-4,blitz,D07,Queens,130,1.0
white,508,480,28,blitz,C45,Scotch,106,0.0
black,626,519,107,rapid,C41,Philidor,119,1.0
white,516,505,11,blitz,B01,Scandinavian,149,1.0
black,522,415,107,blitz,A00,Kings,110,1.0
white,514,547,-33,blitz,C50,Italian,124,0.0
black,518,340,178,blitz,A00,Van,176,1.0
black,524,425,99,blitz,A00,Kings,10,1.0
white,528,327,201,blitz,A00,Van,114,1.0
white,520,523,-3,blitz,B02,Alekhines,128,0.0
black,513,571,-58,blitz,B01,Scandinavian,99,0.0
white,519,440,79,blitz,B07,Pirc,130,1.0
white,511,531,-20,blitz,C46,Three,140,0.0
white,519,484,35,blitz,C46,Three,184,1.0
black,525,435,90,blitz,C21,Center,190,1.0
black,518,594,-76,blitz,C24,Bishops,223,0.0
black,524,420,104,blitz,C60,Ruy,195,1.0
white,530,445,85,blitz,C40,Kings,172,1.0
black,520,466,54,blitz,D00,Queens,139,0.0
black,529,576,-47,blitz,C62,Ruy,59,1.0
white,538,552,-14,blitz,C41,Philidor,119,1.0
white,531,594,-63,blitz,C41,Philidor,106,0.0
black,521,473,48,blitz,B07,Pirc,105,0.0
white,514,577,-63,blitz,C47,Four,120,0.0
black,505,475,30,blitz,D20,Queens,99,0.0
white,512,455,57,blitz,B00,Kings,90,1.0
white,520,501,19,blitz,B00,Kings,8,1.0
black,528,511,17,blitz,C40,Kings,173,1.0
black,518,458,60,blitz,C00,French,84,0.0
white,510,523,-13,blitz,C50,Giuoco,72,0.0
white,515,348,167,blitz,B00,Kings,49,1.0
black,523,517,6,blitz,B01,Scandinavian,88,1.0
black,633,576,57,rapid,D02,Queens,108,1.0
white,514,478,36,blitz,C00,French,74,0.0
white,519,382,137,blitz,B01,Scandinavian,47,1.0
black,525,410,115,blitz,B01,Scandinavian,195,1.0
black,514,420,94,blitz,C23,Bishops,143,0.0
white,504,457,47,blitz,B02,Alekhines,157,0.0
black,505,565,-60,blitz,A00,Undefined,6,0.5
white,512,435,77,blitz,B07,Pirc,87,1.0
white,505,552,-47,blitz,C40,Kings,77,0.0
black,513,508,5,blitz,B01,Scandinavian,131,1.0
black,522,527,-5,blitz,C25,Vienna,146,1.0
black,512,437,75,blitz,D02,Queens,102,0.0
white,505,584,-79,blitz,C47,Four,104,0.0
white,495,435,60,blitz,C44,Kings,75,0.0
white,502,442,60,blitz,B01,Scandinavian,88,1.0
black,491,391,100,blitz,C02,French,170,0.0
black,487,298,189,blitz,B01,Scandinavian,171,0.5
white,493,405,88,blitz,C42,Petrovs,226,1.0
black,498,369,129,blitz,C20,Kings,87,1.0
white,506,463,43,blitz,C20,Kings,24,1.0
white,512,430,82,blitz,B01,Scandinavian,119,1.0
black,513,537,-24,blitz,C40,Kings,231,0.0
black,510,766,-256,blitz,B07,Pirc,98,0.0
white,512,166,346,blitz,C44,Kings,127,1.0
black,502,442,60,blitz,C23,Bishops,121,0.0
black,507,342,165,blitz,B01,Scandinavian,99,1.0
white,517,586,-69,blitz,C46,Three,41,1.0
white,524,462,62,blitz,B01,Scandinavian,103,1.0
black,531,489,42,blitz,B01,Scandinavian,43,1.0
white,537,426,111,blitz,C20,Kings,197,1.0
white,530,584,-54,blitz,B01,Scandinavian,251,0.0
black,529,481,48,blitz,D02,Queens,223,0.5
black,518,394,124,blitz,D00,Queens,166,0.0
black,383,471,-88,bullet,B01,Scandinavian,126,0.0
white,362,428,-66,bullet,C42,Petrovs,83,0.0
black,381,303,78,bullet,B01,Scandinavian,101,1.0
white,409,491,-82,bullet,C40,Kings,95,1.0
white,391,446,-55,bullet,C44,Kings,77,0.0
black,412,437,-25,bullet,B01,Scandinavian,138,1.0
white,435,502,-67,bullet,A04,Reti,116,1.0
black,449,365,84,bullet,A00,Van,144,1.0
white,507,383,124,blitz,C20,Kings,150,0.0
black,501,592,-91,blitz,B01,Scandinavian,87,0.0
white,509,491,18,blitz,C50,Italian,189,1.0
white,502,552,-50,blitz,C40,Kings,104,0.0
black,495,535,-40,blitz,B01,Scandinavian,138,0.0
white,487,485,2,blitz,C40,Kings,234,0.0
black,438,567,-129,bullet,B01,Scandinavian,96,0.0
white,449,318,131,bullet,B20,Sicilian,101,1.0
black,477,419,58,blitz,B01,Scandinavian,83,0.0
black,466,490,-24,bullet,B01,Scandinavian,119,1.0
white,451,451,0,bullet,B07,Pirc,94,0.0
black,439,507,-68,bullet,B01,Scandinavian,88,0.0
white,425,433,-8,bullet,C50,Giuoco,116,0.0
black,434,313,121,bullet,D00,Queens,89,1.0
black,443,319,124,bullet,B01,Scandinavian,97,1.0
black,428,361,67,bullet,B01,Scandinavian,79,0.0
white,414,353,61,bullet,C50,Giuoco,47,0.0
white,427,469,-42,bullet,B01,Scandinavian,89,1.0
white,436,350,86,bullet,A04,Reti,105,1.0
black,426,461,-35,bullet,B01,Scandinavian,125,0.0
white,438,484,-46,bullet,B01,Scandinavian,93,1.0
black,431,567,-136,bullet,B01,Scandinavian,35,0.0
white,420,416,4,bullet,B01,Scandinavian,11,0.0
white,425,190,235,bullet,C62,Ruy,96,1.0
black,426,456,-30,bullet,C02,French,66,0.5
white,435,397,38,bullet,C50,Giuoco,70,1.0
black,428,523,-95,bullet,A00,Kings,82,0.0
black,435,343,92,bullet,B01,Scandinavian,68,1.0
white,472,609,-137,blitz,A04,Reti,107,0.0
black,479,402,77,blitz,A00,Mieses,191,1.0
white,422,265,157,bullet,C50,Italian,128,0.0
white,430,392,38,bullet,C42,Petrovs,82,1.0
black,440,475,-35,bullet,B01,Scandinavian,160,1.0
white,445,285,160,bullet,C40,Kings,94,1.0
black,486,421,65,blitz,B01,Scandinavian,114,1.0
white,456,574,-118,bullet,C20,Kings,92,1.0
white,449,486,-37,bullet,D04,Colle,112,0.0
black,443,568,-125,bullet,A06,Reti,140,0.0
black,441,374,67,bullet,B01,Scandinavian,66,0.5
black,449,434,15,bullet,B01,Scandinavian,83,1.0
white,946,654,292,daily,C47,Four,94,1.0
white,457,423,34,bullet,B00,Nimzowitsch,39,1.0
black,465,432,33,bullet,B01,Scandinavian,104,1.0
white,456,408,48,bullet,B07,Pirc,63,0.0
black,450,555,-105,bullet,A03,Birds,49,0.0
white,441,435,6,bullet,C00,French,116,0.0
white,432,422,10,bullet,B10,Caro,95,0.0
black,641,594,47,rapid,A00,Undefined,174,1.0
white,425,484,-59,bullet,B01,Scandinavian,100,0.0
black,431,327,104,bullet,D00,Queens,85,1.0
white,474,324,150,blitz,B20,Sicilian,74,0.0
black,421,354,67,bullet,B01,Scandinavian,119,0.0
white,429,396,33,bullet,C20,Kings,70,1.0
black,433,234,199,bullet,B01,Scandinavian,110,1.0
black,423,352,71,bullet,A00,Kings,123,0.0
white,431,411,20,bullet,C40,Kings,55,1.0
white,420,297,123,bullet,C55,Italian,123,0.0
black,412,433,-21,bullet,D00,Queens,120,0.0
white,419,368,51,bullet,B01,Scandinavian,101,1.0
black,411,422,-11,bullet,B01,Scandinavian,168,0.0
black,405,533,-128,bullet,B01,Scandinavian,164,0.0
white,394,298,96,bullet,A04,Reti,113,0.0
white,385,355,30,bullet,C20,Kings,113,0.0
black,392,355,37,bullet,B01,Scandinavian,127,1.0
white,383,371,12,bullet,C42,Petrovs,149,0.0
black,375,379,-4,bullet,D00,Queens,162,0.0
black,381,282,99,bullet,B01,Scandinavian,64,1.0
white,484,569,-85,blitz,C42,Petrovs,108,1.0
black,476,515,-39,blitz,C02,French,112,0.0
white,470,582,-112,blitz,B00,Kings,102,0.0
white,466,671,-205,blitz,A04,Reti,117,0.0
black,390,431,-41,bullet,D02,Queens,114,1.0
black,398,395,3,bullet,D02,Queens,61,1.0
white,391,444,-53,bullet,C40,Kings,94,0.0
black,383,406,-23,bullet,B01,Scandinavian,136,0.0
white,390,347,43,bullet,C50,Italian,105,1.0
black,384,482,-98,bullet,B01,Scandinavian,135,0.0
black,377,471,-94,bullet,B01,Scandinavian,127,0.0
white,369,378,-9,bullet,A04,Reti,158,0.0
white,362,406,-44,bullet,C20,Kings,107,0.0
white,366,174,192,bullet,C50,Italian,103,1.0
black,357,329,28,bullet,B01,Scandinavian,158,0.0
black,349,349,0,bullet,B01,Scandinavian,77,0.0
black,475,496,-21,blitz,D02,Queens,171,1.0
white,486,598,-112,blitz,B10,Caro,57,1.0
white,495,510,-15,blitz,C46,Three,135,1.0
white,500,348,152,blitz,B01,Scandinavian,222,1.0
black,496,688,-192,blitz,D02,Queens,171,0.0
white,502,393,109,blitz,C20,Kings,171,1.0
black,354,208,146,bullet,B01,Scandinavian,109,1.0
black,363,393,-30,bullet,B01,Scandinavian,128,1.0
white,511,544,-33,blitz,B01,Scandinavian,107,1.0
black,359,565,-206,bullet,B01,Scandinavian,148,0.0
white,370,465,-95,bullet,B01,Scandinavian,116,1.0
white,516,357,159,blitz,C20,Kings,63,1.0
black,364,474,-110,bullet,A00,Kings,71,0.0
white,357,413,-56,bullet,B01,Scandinavian,20,0.0
black,350,404,-54,bullet,B01,Scandinavian,143,0.0
white,358,351,7,bullet,C20,Kings,129,1.0
black,363,207,156,bullet,B01,Scandinavian,56,1.0
black,368,212,156,bullet,B01,Scandinavian,107,1.0
white,377,400,-23,bullet,B07,Pirc,90,1.0
white,389,559,-170,bullet,B01,Scandinavian,119,1.0
black,396,323,73,bullet,D00,Queens,103,1.0
white,390,483,-93,bullet,B10,Caro,120,0.0
black,397,318,79,bullet,B01,Scandinavian,125,1.0
black,526,590,-64,blitz,B01,Scandinavian,151,1.0
black,530,329,201,blitz,A00,Undefined,113,1.0
white,396,363,33,bullet,C20,Kings,108,0.5
black,403,346,57,bullet,B01,Scandinavian,71,1.0
white,411,398,13,bullet,C20,Kings,110,1.0
white,401,341,60,bullet,C20,Kings,88,0.0
white,409,405,4,bullet,C20,Kings,143,1.0
black,537,482,55,blitz,B01,Scandinavian,127,1.0
black,544,489,55,blitz,D00,Queens,59,1.0
white,551,511,40,blitz,C02,French,108,1.0
white,556,429,127,blitz,B00,Nimzowitsch,56,1.0
white,546,471,75,blitz,B06,Modern,133,0.0
black,537,520,17,blitz,A00,Van,225,0.0
black,543,428,115,blitz,B01,Scandinavian,72,1.0
black,548,385,163,blitz,A00,Undefined,124,1.0
white,402,464,-62,bullet,C20,Kings,121,0.0
white,542,657,-115,blitz,C20,Kings,213,0.0
black,549,498,51,blitz,B01,Scandinavian,22,1.0
black,414,574,-160,bullet,B01,Scandinavian,192,1.0
white,423,435,-12,bullet,C20,Kings,112,1.0
black,431,412,19,bullet,B01,Scandinavian,47,1.0
white,421,344,77,bullet,C20,Kings,110,0.0
white,429,235,194,bullet,B06,Modern,166,1.0
black,435,354,81,bullet,B01,Scandinavian,92,1.0
black,428,485,-57,bullet,D02,London,200,0.0
black,420,421,-1,bullet,B11,Caro,110,0.0
white,413,492,-79,bullet,C20,Kings,71,0.0
white,413,420,-7,bullet,B01,Scandinavian,186,0.5
white,422,441,-19,bullet,B01,Scandinavian,59,1.0
black,426,227,199,bullet,B01,Scandinavian,111,1.0
black,416,348,68,bullet,A00,Kings,118,0.0
white,408,451,-43,bullet,C20,Kings,82,0.0
white,399,378,21,bullet,C20,Kings,67,0.0
black,394,546,-152,bullet,B01,Scandinavian,136,0.0
white,400,312,88,bullet,C20,Kings,77,1.0
black,390,311,79,bullet,B01,Scandinavian,165,0.0
white,398,400,-2,bullet,B01,Scandinavian,99,1.0
black,538,434,104,blitz,D02,Queens,58,0.0
black,390,425,-35,bullet,D00,Queens,135,0.0
white,400,478,-78,bullet,C20,Kings,108,1.0
white,408,372,36,bullet,C20,Kings,109,1.0
black,546,550,-4,blitz,B01,Scandinavian,196,1.0
black,554,542,12,blitz,C16,French,81,1.0
white,545,520,25,blitz,C20,Kings,107,0.0
black,553,541,12,blitz,B01,Scandinavian,76,1.0
white,413,262,151,bullet,C00,French,42,1.0
white,420,384,36,bullet,C00,French,84,1.0
black,431,548,-117,bullet,B01,Scandinavian,136,1.0
black,439,293,146,bullet,A06,Reti,89,1.0
white,444,235,209,bullet,C00,French,115,1.0
black,435,403,32,bullet,A06,Reti,90,0.0
white,428,472,-44,bullet,B00,Nimzowitsch,110,0.0
black,438,516,-78,bullet,D02,Queens,111,1.0
white,445,391,54,bullet,C20,Kings,144,1.0
black,452,381,71,bullet,B01,Scandinavian,104,1.0
white,458,313,145,bullet,B01,Scandinavian,102,1.0
black,455,711,-256,bullet,A00,Kings,135,0.0
white,446,428,18,bullet,C20,Kings,104,0.0
white,439,520,-81,bullet,C00,French,117,0.0
black,434,586,-152,bullet,D02,Queens,52,0.0
black,423,299,124,bullet,D00,Queens,117,0.0
white,428,287,141,bullet,B07,Pirc,111,1.0
black,1003,597,406,daily,B01,Scandinavian,23,1.0
black,563,647,-84,blitz,B01,Scandinavian,112,1.0
white,436,422,14,bullet,C20,Kings,97,1.0
white,442,307,135,bullet,B00,Nimzowitsch,20,1.0
black,436,529,-93,bullet,A00,Mieses,101,0.0
white,428,440,-12,bullet,B10,Caro,133,0.0
black,436,407,29,bullet,D06,Queens,139,1.0
black,444,421,23,bullet,B01,Scandinavian,106,1.0
black,451,412,39,bullet,B01,Scandinavian,109,1.0
white,445,539,-94,bullet,C20,Kings,127,0.0
white,450,301,149,bullet,C20,Kings,81,1.0
black,447,738,-291,bullet,B01,Scandinavian,81,0.0
white,455,432,23,bullet,C20,Kings,116,1.0
black,464,481,-17,bullet,D02,London,131,1.0
white,455,450,5,bullet,B10,Caro,89,0.0
white,461,381,80,bullet,B02,Alekhines,96,1.0
black,463,112,351,bullet,B01,Scandinavian,61,1.0
black,471,474,-3,bullet,D00,Queens,104,1.0
white,466,620,-154,bullet,C20,Kings,128,0.0
black,476,526,-50,bullet,B01,Scandinavian,10,1.0
white,468,494,-26,bullet,C20,Kings,75,0.0
black,476,403,73,bullet,D06,Queens,33,1.0
white,468,497,-29,bullet,C20,Kings,65,0.0
black,478,553,-75,bullet,B12,Caro,56,1.0
white,470,578,-108,bullet,A00,Van,143,0.0
black,474,271,203,bullet,B01,Scandinavian,112,1.0
white,480,371,109,bullet,A00,Van,105,1.0
black,487,425,62,bullet,B01,Scandinavian,89,1.0
white,496,331,165,bullet,C20,Kings,85,1.0
white,488,502,-14,bullet,B20,Sicilian,89,0.0
black,571,541,30,blitz,B01,Scandinavian,58,1.0
black,577,496,81,blitz,B01,Scandinavian,152,1.0
white,568,555,13,blitz,C20,Kings,91,0.0
white,574,484,90,blitz,C20,Kings,58,1.0
white,580,462,118,blitz,B01,Scandinavian,83,1.0
black,482,580,-98,bullet,B01,Scandinavian,93,0.0
black,472,422,50,bullet,B01,Scandinavian,110,0.0
black,587,541,46,blitz,B01,Scandinavian,96,1.0
white,481,526,-45,bullet,B07,Pirc,86,1.0
white,487,392,95,bullet,B01,Scandinavian,55,1.0
black,494,360,134,bullet,B01,Scandinavian,133,1.0
black,501,422,79,bullet,B01,Scandinavian,103,1.0
white,507,330,177,bullet,A00,Van,111,1.0
white,497,432,65,bullet,B01,Scandinavian,161,0.0
black,507,569,-62,bullet,A01,Nimzowitsch,127,1.0
white,514,465,49,bullet,B01,Scandinavian,72,1.0
black,523,531,-8,bullet,B01,Scandinavian,191,1.0
white,575,404,171,blitz,B00,Owens,153,0.0
black,565,478,87,blitz,D00,Queens,203,0.0
white,576,683,-107,blitz,C20,Kings,131,1.0
black,516,566,-50,bullet,C00,French,137,0.0
white,523,443,80,bullet,B07,Pirc,154,1.0
black,584,575,9,blitz,D02,Queens,74,1.0
white,517,619,-102,bullet,B01,Scandinavian,92,0.0
white,524,464,60,bullet,C20,Kings,125,1.0
white,577,653,-76,blitz,C20,Kings,166,0.0
black,532,495,37,bullet,A00,Van,117,1.0
black,539,502,37,bullet,A07,Kings,103,1.0
white,550,670,-120,bullet,B01,Scandinavian,118,1.0
black,541,547,-6,bullet,B01,Scandinavian,155,0.0
white,547,452,95,bullet,B01,Scandinavian,49,1.0
black,538,511,27,bullet,B01,Scandinavian,152,0.0
white,545,492,53,bullet,B01,Scandinavian,20,1.0
black,541,731,-190,bullet,B01,Scandinavian,130,0.0
white,532,499,33,bullet,B00,Nimzowitsch,108,0.0
white,524,548,-24,bullet,B01,Scandinavian,126,0.0
black,530,428,102,bullet,B01,Scandinavian,115,1.0
white,524,628,-104,bullet,C20,Kings,101,0.0
black,529,357,172,bullet,D00,Queens,79,1.0
white,532,261,271,bullet,B00,Kings,7,1.0
black,527,673,-146,bullet,D00,Queens,118,0.0
black,539,707,-168,bullet,A00,Kings,14,1.0
white,532,593,-61,bullet,B01,Scandinavian,68,0.0
black,538,449,89,bullet,A00,Grob,78,1.0
white,570,625,-55,blitz,B20,Kings,169,0.0
black,576,483,93,blitz,B01,Scandinavian,195,1.0
black,527,430,97,bullet,B01,Scandinavian,164,0.0
white,533,417,116,bullet,C20,Kings,132,1.0
black,534,100,434,bullet,B01,Scandinavian,102,1.0
white,543,494,49,bullet,C20,Kings,45,1.0
black,552,574,-22,bullet,B01,Scandinavian,25,1.0
white,559,488,71,bullet,B01,Scandinavian,123,1.0
white,551,607,-56,bullet,C00,French,141,0.0
black,561,632,-71,bullet,D00,Queens,183,1.0
white,558,792,-234,bullet,B01,Scandinavian,130,0.0
black,566,542,24,bullet,B01,Scandinavian,10,1.0
black,572,470,102,bullet,B01,Scandinavian,85,1.0
white,560,404,156,bullet,C20,Kings,49,0.0
black,551,527,24,bullet,A07,Kings,104,0.0
white,563,726,-163,bullet,C20,Kings,11,1.0
black,569,471,98,bullet,B01,Scandinavian,29,1.0
white,575,477,98,bullet,C00,French,78,1.0
white,566,523,43,bullet,A00,Van,67,0.0
white,557,537,20,bullet,C20,Kings,133,0.0
black,562,422,140,bullet,A00,Van,91,1.0
black,573,677,-104,bullet,B01,Scandinavian,149,1.0
black,581,585,-4,bullet,A10,English,68,1.0
white,574,648,-74,bullet,C20,Kings,68,0.0
white,565,527,38,bullet,C20,Kings,100,0.0
black,573,551,22,bullet,B01,Scandinavian,114,1.0
white,563,481,82,bullet,C20,Kings,140,0.0
black,556,594,-38,bullet,D00,Queens,133,0.0
white,564,544,20,bullet,C20,Kings,92,1.0
white,570,484,86,bullet,C20,Kings,67,1.0
black,576,484,92,bullet,B01,Scandinavian,103,1.0
black,571,707,-136,bullet,B01,Scandinavian,83,0.0
white,565,645,-80,bullet,B10,Caro,121,0.0
white,569,387,182,bullet,B00,Nimzowitsch,122,1.0
black,578,614,-36,bullet,D06,Queens,94,1.0
black,584,477,107,bullet,C02,French,124,1.0
white,591,545,46,bullet,B02,Alekhines,110,1.0
black,602,699,-97,bullet,B01,Scandinavian,95,1.0
black,597,722,-125,bullet,D06,Queens,131,0.0
black,607,694,-87,bullet,B01,Scandinavian,131,1.0
white,599,635,-36,bullet,C20,Kings,87,0.0
white,606,562,44,bullet,C20,Kings,101,1.0
white,614,587,27,bullet,C20,Kings,125,1.0
black,608,727,-119,bullet,B01,Scandinavian,131,0.0
black,614,520,94,bullet,D02,Queens,127,1.0
black,608,719,-111,bullet,D02,Queens,76,0.0
white,618,696,-78,bullet,C20,Kings,18,1.0
white,613,778,-165,bullet,B10,Caro,107,0.0
black,607,713,-106,bullet,A00,Van,152,0.0
white,613,518,95,bullet,C20,Kings,120,1.0
white,610,889,-279,bullet,C00,French,116,0.0
black,621,727,-106,bullet,D06,Queens,113,1.0
white,631,683,-52,bullet,B01,Scandinavian,99,1.0
black,641,698,-57,bullet,A00,Van,107,1.0
white,641,140,501,bullet,B00,Nimzowitsch,114,1.0
white,569,613,-44,blitz,C20,Kings,233,0.0
black,578,599,-21,blitz,D00,Queens,221,1.0
white,651,717,-66,bullet,B10,Caro,101,1.0
black,657,567,90,bullet,B01,Scandinavian,32,1.0
white,667,735,-68,bullet,C00,French,125,1.0
black,677,741,-64,bullet,B01,Scandinavian,134,1.0
white,670,716,-46,bullet,C00,French,82,0.0
black,677,571,106,bullet,B01,Scandinavian,95,1.0
white,678,125,553,bullet,C20,Kings,108,1.0
black,682,415,267,bullet,B01,Scandinavian,36,1.0
white,675,729,-54,bullet,C20,Kings,67,0.0
black,686,817,-131,bullet,B01,Scandinavian,123,1.0
white,682,873,-191,bullet,B01,Scandinavian,109,0.0
black,693,795,-102,bullet,B01,Scandinavian,138,1.0
white,685,722,-37,bullet,C20,Kings,96,0.0
black,695,557,138,bullet,B01,Scandinavian,11,1.0
white,704,690,14,bullet,C20,Kings,19,1.0
black,648,504,144,rapid,B01,Scandinavian,143,1.0
white,590,764,-174,blitz,C20,Kings,147,1.0
white,585,734,-149,blitz,C20,Kings,211,0.0
black,576,544,32,blitz,B01,Scandinavian,88,0.0
white,569,618,-49,blitz,C20,Kings,45,0.0
black,570,617,-47,blitz,B01,Scandinavian,299,0.5
white,565,691,-126,blitz,C20,Kings,66,0.0
white,554,459,95,blitz,C20,Kings,157,0.0
black,705,737,-32,bullet,B01,Scandinavian,148,0.5
black,712,638,74,bullet,B01,Scandinavian,145,1.0
black,703,659,44,bullet,B01,Scandinavian,123,0.0
white,692,590,102,bullet,C20,Kings,155,0.0
white,686,783,-97,bullet,C20,Kings,157,0.0
black,546,544,2,blitz,B01,Scandinavian,128,0.0
black,680,795,-115,bullet,B01,Scandinavian,109,0.0
black,670,588,82,bullet,B01,Scandinavian,119,0.0
white,674,465,209,bullet,B01,Scandinavian,120,1.0
white,665,653,12,bullet,C20,Kings,158,0.0
white,674,702,-28,bullet,C20,Kings,128,1.0
black,555,567,-12,blitz,B01,Scandinavian,187,1.0
black,683,649,34,bullet,B01,Scandinavian,58,1.0
white,676,720,-44,bullet,C20,Kings,79,0.0
white,687,783,-96,bullet,B00,Owens,14,1.0
black,680,720,-40,bullet,B01,Scandinavian,148,0.0
white,673,740,-67,bullet,B06,Modern,58,0.0
black,666,721,-55,bullet,B01,Scandinavian,195,0.0
white,672,592,80,bullet,B01,Scandinavian,116,1.0
white,665,737,-72,bullet,B06,Modern,97,0.0
black,567,719,-152,blitz,B01,Scandinavian,221,1.0
black,656,608,48,bullet,B01,Scandinavian,117,0.0
black,562,709,-147,blitz,C02,French,210,0.0
white,557,711,-154,blitz,C20,Kings,53,0.0
white,650,729,-79,bullet,B01,Scandinavian,80,0.0
black,644,727,-83,bullet,D02,Queens,139,0.0
white,646,747,-101,bullet,B06,Modern,148,0.5
black,638,651,-13,bullet,B01,Scandinavian,121,0.0
black,632,721,-89,bullet,D02,Queens,94,0.0
black,624,807,-183,bullet,D02,Queens,118,0.0
white,642,760,-118,rapid,C20,Kings,157,0.0
white,613,517,96,bullet,B01,Scandinavian,99,0.0
black,652,705,-53,rapid,B01,Scandinavian,58,1.0
white,661,686,-25,rapid,C00,French,181,1.0
black,609,788,-179,bullet,D02,Queens,136,0.0
white,602,665,-63,bullet,C20,Kings,99,0.0
black,596,730,-134,bullet,B01,Scandinavian,126,0.0
black,569,754,-185,blitz,A41,Queens,123,1.0
white,576,515,61,blitz,C47,Four,170,1.0
black,590,697,-107,bullet,C23,Bishops,32,0.0
white,585,716,-131,bullet,B07,Pirc,107,0.0
white,585,592,-7,blitz,B50,Sicilian,37,1.0
white,577,598,-21,blitz,B30,Sicilian,153,0.0
black,570,613,-43,blitz,B01,Scandinavian,175,0.0
black,574,385,189,blitz,B01,Scandinavian,155,1.0
black,597,769,-172,bullet,B01,Scandinavian,139,1.0
white,603,504,99,bullet,C20,Kings,97,1.0
white,598,755,-157,bullet,B02,Alekhines,123,0.0
black,607,635,-28,bullet,B01,Scandinavian,120,1.0
black,572,919,-347,blitz,B01,Scandinavian,109,0.0
white,565,634,-69,blitz,C40,Kings,46,0.0
black,574,599,-25,blitz,D00,Queens,128,1.0
white,581,505,76,blitz,C20,Kings,196,1.0
black,581,580,1,blitz,C00,French,213,0.0
white,590,616,-26,blitz,B12,Caro,248,1.0
white,585,722,-137,blitz,C20,Kings,176,0.0
black,596,478,118,bullet,B01,Scandinavian,113,0.0
black,603,537,66,bullet,D06,Queens,140,1.0
white,613,698,-85,bullet,C20,Kings,116,1.0
white,619,502,117,bullet,B07,Pirc,97,1.0
white,594,606,-12,blitz,B01,Scandinavian,56,1.0
black,601,559,42,blitz,B01,Scandinavian,142,1.0
white,627,590,37,bullet,C20,Kings,129,1.0
black,606,449,157,blitz,D00,Queens,102,1.0
black,628,100,528,bullet,A00,Undefined,119,1.0
white,633,485,148,bullet,C20,Kings,109,1.0
black,623,557,66,bullet,B01,Scandinavian,144,0.0
black,618,744,-126,bullet,B01,Scandinavian,92,0.0
black,628,698,-70,bullet,B01,Scandinavian,48,1.0
white,639,765,-126,bullet,C23,Bishops,55,1.0
white,649,719,-70,bullet,C23,Bishops,17,1.0
white,656,593,63,bullet,C23,Bishops,115,1.0
black,600,687,-87,blitz,A00,Clemenz,236,0.0
white,671,541,130,rapid,C42,Petrovs,91,1.0
black,607,551,56,blitz,B01,Scandinavian,213,1.0
white,615,586,29,blitz,C20,Kings,156,1.0
white,649,715,-66,bullet,C20,Kings,114,0.0
white,659,711,-52,bullet,C20,Kings,111,1.0
black,668,693,-25,bullet,A00,Undefined,126,1.0
black,662,746,-84,bullet,D06,Queens,103,0.0
black,651,526,125,bullet,B01,Scandinavian,136,0.0
white,655,448,207,bullet,C24,Bishops,58,1.0
black,650,782,-132,bullet,D02,Queens,99,0.0
white,656,538,118,bullet,C20,Kings,147,1.0
white,661,508,153,bullet,C20,Kings,126,1.0
white,656,810,-154,bullet,B20,Sicilian,144,0.0
black,665,703,-38,bullet,B01,Scandinavian,26,1.0
black,659,769,-110,bullet,A00,Undefined,125,0.0
black,654,793,-139,bullet,B01,Scandinavian,127,0.0
white,644,560,84,bullet,B01,Scandinavian,122,0.0
black,651,615,36,bullet,B01,Scandinavian,135,1.0
white,658,529,129,bullet,B00,Nimzowitsch,177,1.0
black,649,644,5,bullet,D06,Queens,122,0.0
white,643,758,-115,bullet,B10,Caro,116,0.0
white,648,503,145,bullet,B07,Pirc,145,1.0
white,641,710,-69,bullet,C20,Kings,92,0.0
black,633,656,-23,bullet,B01,Scandinavian,109,0.0
white,641,629,12,bullet,B06,Modern,94,1.0
black,635,729,-94,bullet,A10,English,126,0.0
black,645,691,-46,bullet,D00,Queens,123,1.0
white,636,622,14,bullet,C40,Kings,62,0.0
white,631,789,-158,bullet,B01,Scandinavian,116,0.0
black,621,572,49,bullet,B01,Scandinavian,145,0.0
black,617,810,-193,bullet,B01,Scandinavian,93,0.0
white,629,778,-149,bullet,C20,Kings,125,1.0
black,639,691,-52,bullet,B01,Scandinavian,22,1.0
white,631,668,-37,bullet,B01,Scandinavian,33,0.0
white,636,494,142,bullet,C23,Bishops,174,1.0
black,631,766,-135,bullet,D00,Queens,111,0.0
white,621,529,92,blitz,B01,Scandinavian,183,1.0
black,616,760,-144,blitz,B01,Scandinavian,186,0.0
white,623,581,42,blitz,B01,Scandinavian,125,1.0
black,617,714,-97,blitz,B01,Scandinavian,119,0.0
white,642,518,124,bullet,A00,Van,130,1.0
black,651,694,-43,bullet,D06,Queens,126,1.0
black,673,752,-79,rapid,B00,Nimzowitsch,293,0.5
white,644,717,-73,bullet,C47,Four,138,0.0
black,627,691,-64,blitz,B01,Scandinavian,178,1.0
white,652,628,24,bullet,B01,Scandinavian,106,1.0
white,641,522,119,bullet,C20,Kings,108,0.0
black,635,733,-98,bullet,D00,Queens,74,0.0
black,636,665,-29,blitz,A00,Van,253,1.0
white,625,552,73,bullet,B11,Caro,122,0.0
white,635,696,-61,bullet,B01,Scandinavian,98,1.0
black,630,768,-138,bullet,B01,Scandinavian,106,0.0
white,639,646,-7,bullet,C00,French,109,1.0
black,630,590,40,bullet,B01,Scandinavian,137,0.0
black,630,718,-88,blitz,C28,Vienna,175,0.0
white,625,783,-158,blitz,B01,Scandinavian,168,0.0
black,632,561,71,blitz,A25,English,62,1.0
white,619,501,118,bullet,C50,Italian,24,0.0
white,629,711,-82,bullet,A00,Van,89,1.0
black,623,734,-111,bullet,A00,Van,103,0.0
black,632,637,-5,bullet,B01,Scandinavian,10,1.0
black,642,698,-56,bullet,C25,Vienna,128,1.0
white,652,706,-54,bullet,C20,Bishops,135,1.0
white,627,779,-152,blitz,B00,Nimzowitsch,121,0.0
white,628,112,516,blitz,C50,Giuoco,173,1.0
black,623,781,-158,blitz,C40,Kings,73,0.0
white,658,567,91,bullet,A00,Van,88,1.0
black,664,585,79,bullet,B01,Scandinavian,107,1.0
white,658,770,-112,bullet,B10,Caro,111,0.0
black,615,625,-10,blitz,C50,Italian,96,0.0
black,652,743,-91,bullet,D00,Queens,111,0.0
white,645,683,-38,bullet,A00,Van,65,0.0
black,640,763,-123,bullet,B01,Scandinavian,114,0.0
black,628,882,-254,blitz,B01,Scandinavian,150,1.0
white,636,628,8,blitz,B01,Scandinavian,131,1.0
white,624,453,171,blitz,C02,French,126,0.0
black,633,671,-38,blitz,D03,Queens,51,1.0
white,640,591,49,blitz,C47,Four,173,1.0
black,631,627,4,blitz,C50,Giuoco,39,0.0
white,636,462,174,blitz,C14,French,155,1.0
black,644,608,36,blitz,A40,Queens,162,1.0
white,654,729,-75,blitz,C20,Kings,124,1.0
white,661,602,59,blitz,C47,Four,54,1.0
black,651,744,-93,bullet,B01,Scandinavian,28,1.0
white,644,696,-52,bullet,C40,Kings,123,0.0
black,638,736,-98,bullet,B01,Scandinavian,143,0.0
white,655,765,-110,blitz,B07,Pirc,44,0.0
black,660,508,152,blitz,C40,Kings,110,1.0
black,651,727,-76,blitz,C40,Kings,16,0.0
white,661,607,54,blitz,A00,Van,116,1.0
black,657,884,-227,blitz,B01,Scandinavian,79,0.0
black,633,769,-136,bullet,C46,Three,127,0.0
white,641,561,80,bullet,D00,Queens,181,1.0
black,634,713,-79,bullet,A07,Kings,130,0.0
white,624,532,92,bullet,B01,Scandinavian,91,0.0
white,618,742,-124,bullet,B01,Scandinavian,95,0.0
black,647,576,71,blitz,C20,Kings,116,0.0
white,641,749,-108,blitz,B01,Scandinavian,77,0.0
white,636,778,-142,blitz,C42,Petrovs,186,0.0
black,630,735,-105,blitz,B00,Nimzowitsch,105,0.0
white,613,771,-158,bullet,C50,Giuoco,106,0.0
black,603,536,67,bullet,D02,Queens,133,0.0
white,599,805,-206,bullet,B20,Sicilian,73,0.0
black,610,724,-114,bullet,D00,Queens,106,1.0
black,605,742,-137,bullet,B30,Sicilian,42,0.0
white,600,726,-126,bullet,C50,Giuoco,133,0.0
white,590,505,85,bullet,C40,Kings,128,0.0
black,581,562,19,bullet,B00,Nimzowitsch,58,0.0
black,588,501,87,bullet,B01,Scandinavian,121,1.0
white,598,554,44,bullet,B20,Sicilian,137,1.0
white,592,719,-127,bullet,C44,Kings,107,0.0
black,587,722,-135,bullet,A40,Englund,76,0.0
black,582,732,-150,bullet,C46,Three,106,0.0
black,573,543,30,bullet,A00,Van,108,0.0
white,578,426,152,bullet,C48,Four,129,1.0
white,572,668,-96,bullet,B23,Closed,96,0.0
white,562,483,79,bullet,B01,Scandinavian,106,0.0
black,568,477,91,bullet,B01,Scandinavian,82,1.0
black,559,535,24,bullet,A40,Englund,109,0.0
white,567,553,14,bullet,C28,Bishops,124,1.0
black,562,718,-156,bullet,B01,Scandinavian,172,0.0
white,574,715,-141,bullet,B30,Sicilian,120,1.0
white,579,336,243,bullet,C42,Petrovs,24,1.0
black,585,463,122,bullet,D02,Queens,74,1.0
white,596,700,-104,bullet,C42,Petrovs,90,1.0
black,590,707,-117,bullet,C41,Philidor,93,0.0
black,599,606,-7,bullet,B01,Scandinavian,142,1.0
black,588,464,124,bullet,A00,Van,117,0.0
white,593,435,158,bullet,B07,Pirc,110,1.0
white,599,498,101,bullet,C50,Italian,26,1.0
white,607,605,2,bullet,C55,Italian,146,1.0
black,617,696,-79,bullet,D20,Queens,110,1.0
white,629,770,-141,bullet,A00,Van,119,1.0
black,638,654,-16,bullet,B01,Scandinavian,140,1.0
white,645,574,71,bullet,C40,Kings,134,1.0
black,638,712,-74,bullet,B01,Scandinavian,164,0.0
white,632,718,-86,bullet,B01,Scandinavian,141,0.0
black,626,723,-97,bullet,B01,Scandinavian,95,0.0
black,620,709,-89,bullet,B01,Scandinavian,92,0.0
white,616,807,-191,bullet,A04,Reti,148,0.0
white,625,642,-17,bullet,C40,Kings,114,1.0
black,631,521,110,bullet,B01,Scandinavian,128,1.0
black,638,551,87,bullet,B01,Scandinavian,140,1.0
black,646,626,20,bullet,B01,Scandinavian,141,1.0
white,639,751,-112,bullet,C42,Petrovs,135,0.0
black,630,625,5,bullet,A06,Reti,134,0.0
white,621,598,23,bullet,C24,Bishops,141,0.0
black,629,608,21,bullet,B01,Scandinavian,101,1.0
white,621,617,4,bullet,B10,Caro,129,0.0
white,629,613,16,bullet,B01,Scandinavian,126,1.0
black,621,621,0,bullet,B01,Scandinavian,78,0.0
white,613,625,-12,bullet,C02,French,105,0.0
white,605,601,4,bullet,A00,Van,117,0.0
black,594,468,126,bullet,D02,Queens,125,0.0
white,584,529,55,bullet,A00,Van,102,0.0
white,577,614,-37,bullet,B01,Scandinavian,98,0.0
black,570,621,-51,bullet,B07,Pirc,134,0.0
black,578,573,5,bullet,C00,French,162,1.0
black,584,489,95,bullet,B07,Pirc,88,1.0
white,577,649,-72,bullet,C55,Italian,171,0.0
black,570,615,-45,bullet,B01,Scandinavian,37,0.0
black,577,398,179,bullet,B01,Scandinavian,89,1.0
white,581,366,215,bullet,B07,Pirc,64,1.0
black,570,475,95,bullet,B01,Scandinavian,149,0.0
black,566,762,-196,bullet,B01,Scandinavian,78,0.0
white,557,540,17,bullet,C20,Bishops,119,0.0
white,548,517,31,bullet,C28,Bishops,124,0.0
black,541,588,-47,bullet,B01,Scandinavian,126,0.0
white,549,479,70,bullet,B01,Scandinavian,12,1.0
white,557,541,16,bullet,C50,Italian,119,1.0
white,638,640,-2,blitz,B10,Caro,176,1.0
black,550,606,-56,bullet,D00,Queens,76,0.0
black,541,520,21,bullet,A00,Clemenz,42,0.0
white,549,535,14,bullet,C00,French,119,1.0
black,557,466,91,bullet,D02,Queens,88,1.0
black,548,514,34,bullet,B01,Scandinavian,109,0.0
white,555,512,43,bullet,C00,French,97,1.0
white,564,575,-11,bullet,B00,Kings,8,1.0
white,572,572,0,bullet,C00,French,127,1.0
black,564,586,-22,bullet,B01,Scandinavian,151,0.0
black,554,496,58,bullet,B01,Scandinavian,93,0.0
white,563,573,-10,bullet,C50,Giuoco,60,1.0
black,552,422,130,bullet,B01,Scandinavian,39,0.0
white,558,444,114,bullet,C28,Bishops,128,1.0
black,569,699,-130,bullet,D02,Queens,93,1.0
white,561,562,-1,bullet,C41,Philidor,146,0.0
white,553,550,3,bullet,C23,Bishops,116,0.0
black,561,445,116,bullet,C02,French,187,1.0
white,554,593,-39,bullet,C25,Vienna,59,0.0
black,562,566,-4,bullet,D02,Queens,115,1.0
black,570,541,29,bullet,B01,Scandinavian,105,1.0
white,578,578,0,bullet,C46,Three,104,1.0
black,588,673,-85,bullet,A07,Kings,109,1.0
white,596,567,29,bullet,C46,Three,130,1.0
black,603,537,66,bullet,D02,Queens,91,1.0
white,592,481,111,bullet,C47,Four,41,0.0
black,598,480,118,bullet,C46,Three,94,1.0
white,604,524,80,bullet,B30,Sicilian,49,1.0
black,614,691,-77,bullet,A00,Mieses,52,1.0
black,622,596,26,bullet,A20,English,95,1.0
white,630,617,13,bullet,C24,Bishops,79,1.0
black,622,654,-32,bullet,A00,Mieses,166,0.0
white,615,661,-46,bullet,B07,Pirc,87,0.0
white,625,694,-69,bullet,C23,Bishops,146,1.0
white,614,488,126,bullet,B02,Alekhines,163,0.0
black,606,739,-133,bullet,B01,Scandinavian,185,0.0
white,609,375,234,bullet,C50,Giuoco,40,1.0
black,600,581,19,bullet,B00,Nimzowitsch,122,0.0
white,611,707,-96,bullet,B01,Scandinavian,125,1.0
white,603,619,-16,bullet,C23,Bishops,137,0.0
black,611,615,-4,bullet,B01,Scandinavian,54,1.0
black,619,624,-5,bullet,B01,Scandinavian,117,1.0
black,626,586,40,bullet,B01,Scandinavian,54,1.0
white,634,632,2,bullet,C50,Italian,88,1.0
white,626,663,-37,bullet,B00,Owens,171,0.0
white,634,620,14,bullet,C00,French,120,1.0
black,627,672,-45,bullet,A01,Nimzowitsch,110,0.0
white,619,644,-25,bullet,B01,Scandinavian,149,0.0
black,612,667,-55,bullet,A00,Mieses,106,0.0
white,624,794,-170,bullet,C50,Giuoco,113,1.0
black,634,694,-60,bullet,D02,Queens,108,1.0
black,626,637,-11,bullet,A00,Van,142,0.0
white,618,684,-66,bullet,B01,Scandinavian,154,0.0
white,626,611,15,bullet,C47,Four,112,1.0
black,634,628,6,bullet,B01,Scandinavian,115,1.0
white,638,463,175,bullet,C00,French,154,1.0
black,646,646,0,bullet,D02,Queens,56,1.0
white,638,660,-22,bullet,C47,Four,133,0.0
black,630,648,-18,bullet,B01,Scandinavian,99,0.0
white,622,648,-26,bullet,B01,Scandinavian,101,0.0
black,615,694,-79,bullet,B01,Scandinavian,89,0.0
white,630,648,-18,blitz,A04,Reti,136,0.0
black,622,643,-21,blitz,A00,Mieses,272,0.0
black,623,613,10,bullet,A00,Van,88,1.0
black,631,595,36,bullet,D02,Queens,77,1.0
white,624,664,-40,bullet,B01,Scandinavian,39,0.0
white,616,615,1,bullet,C00,French,112,0.0
black,608,636,-28,bullet,B01,Scandinavian,132,0.0
white,607,557,50,bullet,B01,Scandinavian,190,0.0
white,615,618,-3,bullet,B06,Modern,117,1.0
black,615,651,-36,blitz,A00,Van,68,0.0
white,607,624,-17,blitz,C00,French,185,0.0
black,616,155,461,bullet,A00,Van,87,1.0
black,608,635,-27,bullet,D06,Queens,140,0.0
white,615,592,23,blitz,B01,Scandinavian,151,1.0
black,623,617,6,blitz,B01,Scandinavian,10,1.0
white,632,648,-16,blitz,C28,Bishops,158,1.0
white,624,620,4,blitz,B01,Scandinavian,209,0.0
black,614,560,54,blitz,D00,Queens,91,0.0
black,616,597,19,bullet,D00,Queens,50,1.0
white,609,668,-59,bullet,C55,Italian,141,0.0
white,616,553,63,bullet,B00,Kings,138,1.0
white,624,613,11,bullet,B00,Kings,171,1.0
black,622,611,11,blitz,B01,Scandinavian,163,1.0
white,629,589,40,blitz,B06,Modern,185,1.0
black,616,634,-18,bullet,B01,Scandinavian,145,0.0
black,622,526,96,bullet,B01,Scandinavian,114,1.0
white,630,450,180,bullet,B01,Scandinavian,33,1.0
black,639,678,-39,bullet,A00,Van,42,1.0
black,631,656,-25,bullet,D00,Queens,78,0.0
white,685,678,7,rapid,B01,Scandinavian,156,1.0
white,625,805,-180,blitz,B07,Pirc,13,0.0
black,616,603,13,blitz,C20,Kings,156,0.0
white,624,690,-66,bullet,B06,Modern,92,0.0
black,624,596,28,blitz,C45,Scotch,98,1.0
black,631,572,59,blitz,B00,Nimzowitsch,71,1.0
white,616,631,-15,bullet,C23,Bishops,129,0.0
black,608,636,-28,bullet,C41,Philidor,109,0.0
white,623,653,-30,blitz,B07,Pirc,177,0.0
black,614,607,7,blitz,C50,Italian,165,0.0
white,606,642,-36,blitz,C40,Kings,149,0.0
black,616,595,21,bullet,D02,Queens,81,1.0
black,608,640,-32,bullet,B01,Scandinavian,116,0.0
white,616,588,28,bullet,C24,Bishops,143,1.0
white,614,585,29,blitz,B10,Caro,138,1.0
black,606,626,-20,blitz,A00,Saragossa,171,0.0
black,599,678,-79,blitz,E00,Queens,145,0.0
white,607,570,37,blitz,B01,Scandinavian,186,1.0
white,609,676,-67,bullet,C41,Philidor,107,0.0
white,618,623,-5,bullet,B06,Modern,28,1.0
black,626,615,11,bullet,B01,Scandinavian,27,1.0
white,634,615,19,bullet,A40,Englund,147,1.0
white,615,531,84,blitz,C41,Philidor,99,1.0
black,615,606,9,blitz,C46,Three,219,0.0
black,607,639,-32,blitz,C50,Italian,91,0.0
white,617,697,-80,blitz,C20,Bishops,162,1.0
black,609,641,-32,blitz,C46,Three,171,0.0
white,608,581,27,blitz,C41,Philidor,312,0.0
black,642,616,26,bullet,B01,Scandinavian,68,1.0
white,634,640,-6,bullet,B10,Caro,111,0.0
black,642,634,8,bullet,D00,Queens,119,1.0
white,650,653,-3,bullet,C55,Italian,111,1.0
black,652,261,391,bullet,D07,Queens,151,1.0
black,658,560,98,bullet,C50,Italian,109,1.0
white,667,715,-48,bullet,C47,Four,188,1.0
white,672,545,127,bullet,B01,Scandinavian,80,1.0
black,616,580,36,blitz,C41,Philidor,114,1.0
black,608,613,-5,blitz,A00,Van,128,0.0
white,601,639,-38,blitz,B01,Scandinavian,61,0.0
black,665,725,-60,bullet,D06,Queens,109,0.0
white,657,685,-28,bullet,C02,French,104,0.0
white,649,667,-18,bullet,B01,Scandinavian,65,0.0
black,641,665,-24,bullet,C40,Kings,124,0.0
white,632,594,38,bullet,B10,Caro,104,0.0
black,623,603,20,bullet,C51,Giuoco,140,0.0
white,621,543,78,bullet,B00,Kings,158,0.0
black,613,754,-141,blitz,B00,Nimzowitsch,248,1.0
white,618,860,-242,bullet,C50,Giuoco,73,0.0
white,624,512,112,bullet,B01,Scandinavian,104,1.0
black,625,100,525,bullet,A00,Undefined,6,1.0
black,618,675,-57,bullet,C50,Giuoco,104,0.0
white,611,659,-48,bullet,C50,Italian,87,0.0
black,606,643,-37,blitz,A00,Kings,191,0.0
white,616,482,134,bullet,C20,Bishops,107,1.0
black,627,506,121,bullet,A00,Undefined,82,1.0
black,636,676,-40,bullet,C30,Kings,108,1.0
white,640,453,187,bullet,B01,Scandinavian,101,1.0
white,647,594,53,bullet,C50,Italian,88,1.0
black,645,964,-319,bullet,D00,Queens,87,0.0
white,652,585,67,bullet,B01,Scandinavian,85,1.0
black,614,528,86,blitz,C65,Ruy,101,1.0
black,644,663,-19,bullet,C23,Bishops,128,0.0
white,652,617,35,bullet,B01,Scandinavian,92,1.0
black,663,757,-94,bullet,B01,Scandinavian,54,1.0
white,671,667,4,bullet,B01,Scandinavian,59,1.0
white,664,714,-50,bullet,C50,Italian,161,0.0
black,656,691,-35,bullet,C45,Scotch,166,0.0
white,647,612,35,bullet,C47,Four,106,0.0
white,653,547,106,bullet,C42,Petrovs,128,1.0
black,698,672,26,rapid,D05,Colle,47,1.0
black,623,658,-35,blitz,D02,Queens,211,1.0
white,661,663,-2,bullet,B01,Scandinavian,144,1.0
black,665,320,345,bullet,C21,Center,46,1.0
black,673,662,11,bullet,D02,Queens,200,1.0
black,680,602,78,bullet,C20,Kings,98,1.0
white,673,732,-59,bullet,C47,Four,75,0.0
black,664,655,9,bullet,A00,Van,106,0.0
white,656,679,-23,bullet,C25,Vienna,108,0.0
white,614,585,29,blitz,B07,Pirc,70,0.0
black,648,643,5,bullet,C00,French,134,0.0
black,640,642,-2,bullet,D00,Queens,91,0.0
black,633,680,-47,bullet,B01,Scandinavian,73,0.0
white,639,541,98,bullet,C45,Scotch,113,1.0
white,709,677,32,rapid,C00,French,95,1.0
white,606,632,-26,blitz,C25,Vienna,218,0.0
white,614,608,6,blitz,C25,Vienna,134,1.0
black,639,648,-9,bullet,B01,Scandinavian,153,0.0
white,647,588,59,bullet,B01,Scandinavian,140,1.0
black,639,657,-18,bullet,A07,Kings,133,0.0
black,630,626,4,bullet,B07,Pirc,109,0.0
white,638,630,8,bullet,C45,Scotch,72,1.0
white,629,621,8,bullet,C47,Four,95,0.0
black,621,686,-65,bullet,D02,Queens,153,0.0
white,621,567,54,blitz,C50,Italian,125,1.0
white,613,632,-19,bullet,B00,Owens,81,0.0
black,605,635,-30,bullet,D44,Queens,142,0.0
black,597,612,-15,bullet,B01,Scandinavian,101,0.0
black,604,562,42,bullet,A06,Reti,111,1.0
white,612,590,22,bullet,C24,Bishops,42,1.0
white,613,192,421,bullet,B01,Scandinavian,103,1.0
black,613,613,0,blitz,B01,Scandinavian,44,0.0
black,620,579,41,blitz,A02,Birds,195,1.0
white,628,592,36,blitz,C20,Bishops,71,1.0
white,620,639,-19,blitz,C41,Philidor,196,0.0
black,628,573,55,blitz,B01,Scandinavian,68,1.0
white,636,607,29,blitz,B01,Scandinavian,222,1.0
black,617,344,273,bullet,C46,Three,129,1.0
black,610,679,-69,bullet,C23,Bishops,108,0.0
white,628,660,-32,blitz,B01,Scandinavian,119,0.0
black,620,794,-174,blitz,C20,Kings,119,0.0
white,620,604,16,blitz,C23,Bishops,240,0.5
black,629,636,-7,blitz,C61,Ruy,158,1.0
white,623,728,-105,blitz,C55,Italian,212,0.0
black,615,639,-24,blitz,C23,Bishops,33,0.0
black,623,592,31,blitz,C20,Kings,170,1.0
white,631,635,-4,blitz,C24,Bishops,107,1.0
white,602,615,-13,bullet,C55,Italian,76,0.0
black,596,694,-98,bullet,A06,Reti,153,0.0
white,587,580,7,bullet,B01,Scandinavian,77,0.0
white,594,533,61,bullet,B01,Scandinavian,69,1.0
black,585,565,20,bullet,B01,Scandinavian,163,0.0
white,698,732,-34,rapid,C26,Vienna,134,0.0
black,593,480,113,bullet,D00,Queens,74,1.0
black,601,606,-5,bullet,A00,Mieses,115,1.0
white,609,610,-1,bullet,B00,Kings,120,1.0
white,616,576,40,bullet,C55,Italian,58,1.0
black,609,651,-42,bullet,B01,Scandinavian,112,0.0
white,623,641,-18,blitz,C40,Kings,110,0.0
black,601,615,-14,bullet,B01,Scandinavian,99,0.0
white,607,483,124,bullet,C41,Philidor,97,1.0
black,615,588,27,bullet,A00,Van,80,1.0
black,623,587,36,bullet,C47,Four,138,1.0
white,631,568,63,bullet,B30,Sicilian,79,1.0
black,624,661,-37,bullet,B01,Scandinavian,93,0.0
white,634,696,-62,bullet,C20,Bishops,106,1.0
black,641,604,37,bullet,B01,Scandinavian,151,1.0
white,648,598,50,bullet,C50,Italian,112,1.0
black,687,708,-21,rapid,C50,Italian,152,0.0
white,699,696,3,rapid,C21,Center,39,1.0
black,688,684,4,rapid,C45,Scotch,48,0.0
white,615,623,-8,blitz,C41,Philidor,103,0.0
black,640,639,1,bullet,B01,Scandinavian,122,0.0
white,648,631,17,bullet,C55,Italian,103,1.0
black,640,639,1,bullet,C45,Scotch,107,0.0
white,648,623,25,bullet,B01,Scandinavian,101,1.0
white,640,783,-143,bullet,B01,Scandinavian,136,0.0
black,651,647,4,bullet,D00,Queens,129,1.0
black,658,622,36,bullet,A41,Queens,112,1.0
white,650,676,-26,bullet,B27,Sicilian,143,0.0
black,658,619,39,bullet,B07,Pirc,28,1.0
white,650,687,-37,bullet,B01,Scandinavian,129,0.0
black,658,635,23,bullet,B01,Scandinavian,69,1.0
white,666,643,23,bullet,C20,Kings,101,1.0
black,659,697,-38,bullet,A41,Queens,117,0.0
black,649,564,85,bullet,B01,Scandinavian,129,0.0
white,641,669,-28,bullet,C00,French,124,0.0
white,637,818,-181,bullet,B20,Sicilian,116,0.0
black,607,630,-23,blitz,C20,Kings,170,0.0
white,599,605,-6,blitz,C23,Bishops,210,0.0
black,591,704,-113,blitz,C20,Bishops,114,0.0
black,643,526,117,bullet,B01,Scandinavian,98,1.0
black,635,655,-20,bullet,D02,Queens,105,0.0
white,627,639,-12,bullet,C23,Bishops,137,0.0
white,600,551,49,blitz,C23,Bishops,23,1.0
black,592,612,-20,blitz,B01,Scandinavian,48,0.0
white,582,513,69,blitz,C23,Bishops,292,0.0
black,635,494,141,bullet,A00,Mieses,56,1.0
white,627,629,-2,bullet,B07,Pirc,110,0.0
black,582,566,16,blitz,B01,Scandinavian,171,0.5
white,575,630,-55,blitz,B01,Scandinavian,86,0.0
white,583,582,1,blitz,C23,Bishops,203,1.0
black,591,442,149,blitz,C00,French,171,1.0
black,583,593,-10,blitz,B01,Scandinavian,139,0.0
black,575,582,-7,blitz,B01,Scandinavian,203,0.0
black,582,534,48,blitz,B01,Scandinavian,63,1.0
white,575,626,-51,blitz,B07,Pirc,111,0.0
white,583,573,10,blitz,B07,Pirc,85,1.0
black,591,572,19,blitz,B01,Scandinavian,25,1.0
white,599,590,9,blitz,C23,Bishops,153,1.0
black,615,467,148,bullet,C20,Kings,74,0.0
white,605,546,59,bullet,C20,Kings,100,0.0
white,591,615,-24,blitz,B10,Caro,143,0.0
black,599,596,3,blitz,C20,Kings,136,1.0
black,590,584,6,blitz,B01,Scandinavian,156,0.0
white,598,566,32,blitz,C28,Bishops,211,1.0
black,606,463,143,blitz,B01,Scandinavian,161,1.0
white,613,550,63,blitz,B07,Pirc,86,1.0
white,620,470,150,blitz,C42,Petrovs,16,1.0
white,614,705,-91,blitz,B01,Scandinavian,28,0.0
black,621,508,113,blitz,D02,Queens,199,1.0
black,613,618,-5,blitz,D00,Queens,104,0.0
white,617,782,-165,bullet,C50,Italian,139,1.0
white,604,599,5,blitz,B00,Owens,205,0.0
black,596,615,-19,blitz,A41,Queens,111,0.0
black,604,592,12,blitz,B01,Scandinavian,239,1.0
white,611,551,60,blitz,B01,Scandinavian,163,1.0
white,619,606,13,blitz,C23,Bishops,179,1.0
black,609,614,-5,bullet,D02,Queens,135,0.0
white,628,657,-29,blitz,C00,French,170,1.0
black,619,612,7,blitz,A00,Van,141,0.0
black,627,605,22,blitz,C41,Philidor,45,1.0
white,618,614,4,blitz,C26,Vienna,203,0.0
white,626,614,12,blitz,C50,Italian,125,1.0
white,635,645,-10,blitz,C28,Bishops,128,1.0
black,643,465,178,blitz,B01,Scandinavian,89,1.0
black,634,625,9,blitz,B01,Scandinavian,209,0.0
white,627,664,-37,blitz,C23,Bishops,38,0.0
white,600,573,27,bullet,C54,Giuoco,69,0.0
black,635,612,23,blitz,B01,Scandinavian,157,1.0
white,595,768,-173,bullet,B30,Sicilian,159,0.0
black,601,492,109,bullet,C23,Bishops,162,1.0
black,595,704,-109,bullet,B01,Scandinavian,125,0.0
black,606,727,-121,bullet,C44,Kings,94,1.0
white,599,685,-86,bullet,B01,Scandinavian,175,0.0
white,595,798,-203,bullet,C25,Vienna,104,0.0
black,587,623,-36,bullet,D04,Colle,103,0.0
white,594,527,67,bullet,C55,Italian,113,1.0
black,643,624,19,blitz,C41,Philidor,35,1.0
white,652,661,-9,blitz,B07,Pirc,76,1.0
white,660,654,6,blitz,B07,Pirc,163,1.0
white,652,674,-22,blitz,B01,Scandinavian,175,0.0
black,660,659,1,blitz,C44,Ponziani,211,1.0
black,652,685,-33,blitz,C20,Bishops,110,0.0
white,644,647,-3,blitz,C23,Bishops,103,0.0
white,652,624,28,blitz,B01,Scandinavian,99,1.0
black,599,451,148,bullet,B01,Scandinavian,84,1.0
black,592,653,-61,bullet,A00,Van,144,0.0
white,588,774,-186,bullet,B10,Caro,45,0.0
black,596,559,37,bullet,B01,Scandinavian,110,1.0
white,603,518,85,bullet,C28,Bishops,75,1.0
black,610,558,52,bullet,D00,Queens,84,1.0
black,645,718,-73,blitz,B01,Scandinavian,91,0.0
white,652,573,79,blitz,B01,Scandinavian,156,1.0
white,600,541,59,bullet,C25,Vienna,46,0.0
black,595,752,-157,bullet,B01,Scandinavian,107,0.0
white,644,679,-35,blitz,B01,Scandinavian,69,0.0
white,651,613,38,blitz,C25,Vienna,46,1.0
white,643,674,-31,blitz,C25,Vienna,140,0.0
black,651,615,36,blitz,A00,Van,171,1.0
black,659,640,19,blitz,B01,Scandinavian,170,1.0
black,650,643,7,blitz,B00,Nimzowitsch,134,0.0
white,588,656,-68,bullet,B01,Scandinavian,96,0.0
white,598,674,-76,bullet,B00,Kings,103,1.0
black,608,676,-68,bullet,D00,Queens,102,1.0
black,600,599,1,bullet,E00,Queens,157,0.0
white,608,584,24,bullet,B00,Owens,35,1.0
white,617,621,-4,bullet,C00,French,76,1.0
black,657,619,38,blitz,D00,Queens,187,1.0
black,665,631,34,blitz,B01,Scandinavian,185,1.0
black,612,763,-151,bullet,A01,Nimzowitsch,132,0.0
white,604,620,-16,bullet,C28,Bishops,108,0.0
white,597,660,-63,bullet,C25,Vienna,126,0.0
black,590,653,-63,bullet,B02,Alekhines,133,0.0
white,582,611,-29,bullet,B02,Alekhines,108,0.0
black,656,637,19,blitz,B01,Scandinavian,217,0.0
white,648,647,1,blitz,C26,Vienna,106,0.0
black,590,564,26,bullet,B01,Scandinavian,66,1.0
white,582,617,-35,bullet,C25,Vienna,119,0.0
black,574,570,4,bullet,C20,Kings,161,0.0
white,566,568,-2,bullet,B07,Pirc,128,0.0
black,644,829,-185,blitz,C40,Kings,147,0.0
black,650,565,85,blitz,B01,Scandinavian,78,1.0
white,574,559,15,bullet,C28,Bishops,151,1.0
white,582,566,16,bullet,D20,Queens,96,1.0
black,642,654,-12,blitz,B00,Nimzowitsch,94,0.0
black,650,644,6,blitz,B01,Scandinavian,154,1.0
white,658,658,0,blitz,D00,Queens,179,1.0
white,573,561,12,bullet,B07,Pirc,131,0.0
black,565,600,-35,bullet,A01,Nimzowitsch,89,0.0
black,571,476,95,bullet,B00,Nimzowitsch,122,1.0
white,564,636,-72,bullet,C00,French,144,0.0
white,554,484,70,bullet,C28,Bishops,71,0.0
white,546,557,-11,bullet,C28,Bishops,97,0.0
white,538,556,-18,bullet,C00,French,33,0.0
black,527,421,106,bullet,B02,Alekhines,85,0.0
black,534,458,76,bullet,C00,French,82,1.0
white,527,582,-55,bullet,B01,Scandinavian,159,0.0
white,536,546,-10,bullet,C28,Bishops,48,1.0
black,526,461,65,bullet,D00,Queens,130,0.0
black,533,471,62,bullet,C25,Vienna,71,1.0
white,527,664,-137,bullet,C25,Vienna,154,0.0
black,534,492,42,bullet,C46,Three,120,1.0
white,542,536,6,bullet,C00,French,104,1.0
black,547,409,138,bullet,A00,Undefined,160,1.0
white,539,570,-31,bullet,C25,Vienna,125,0.0
white,529,462,67,bullet,B01,Scandinavian,189,0.0
black,537,525,12,bullet,D02,Queens,89,1.0
white,544,473,71,bullet,C25,Vienna,93,1.0
white,550,424,126,bullet,C25,Vienna,54,1.0
black,558,505,53,bullet,C50,Giuoco,47,1.0
black,564,472,92,bullet,C20,Kings,126,1.0
white,573,621,-48,bullet,B07,Pirc,127,1.0
black,582,625,-43,bullet,C40,Kings,66,1.0
white,572,516,56,bullet,C25,Vienna,222,0.0
black,578,437,141,bullet,C20,Kings,93,1.0
white,571,634,-63,bullet,C28,Bishops,43,0.0
black,577,456,121,bullet,C42,Petrovs,136,1.0
white,566,470,96,bullet,C25,Vienna,293,0.0
black,556,495,61,bullet,A40,Englund,73,0.0
white,563,504,59,bullet,B07,Pirc,69,1.0
white,556,592,-36,bullet,B02,Alekhines,115,0.0
black,565,562,3,bullet,C47,Four,90,1.0
black,558,594,-36,bullet,C20,Kings,136,0.0
white,550,566,-16,bullet,C25,Vienna,130,0.0
white,649,612,37,blitz,B00,Nimzowitsch,64,0.0
black,641,653,-12,blitz,C41,Philidor,107,0.0
white,641,658,-17,blitz,B07,Pirc,121,0.5
black,633,652,-19,blitz,C21,Center,169,0.0
black,625,645,-20,blitz,A40,Englund,21,0.0
white,633,629,4,blitz,C23,Bishops,164,1.0
white,543,609,-66,bullet,C28,Bishops,118,0.0
black,553,644,-91,bullet,A00,Kings,47,1.0
black,557,384,173,bullet,C40,Kings,37,1.0
white,565,514,51,bullet,B00,Nimzowitsch,151,1.0
white,575,622,-47,bullet,C25,Vienna,134,1.0
black,585,668,-83,bullet,A00,Mieses,82,1.0
black,578,648,-70,bullet,C41,Philidor,82,0.0
black,585,519,66,bullet,A40,Queens,59,1.0
white,577,588,-11,bullet,B20,Sicilian,159,0.0
black,567,505,62,bullet,C21,Center,116,0.0
white,557,465,92,bullet,C50,Giuoco,58,0.0
white,625,634,-9,blitz,C24,Bishops,201,0.0
white,617,620,-3,blitz,C25,Vienna,82,0.0
black,563,479,84,bullet,A00,Kings,88,1.0
white,569,460,109,bullet,B02,Alekhines,85,1.0
white,565,762,-197,bullet,A00,Van,133,0.0
black,572,528,44,bullet,A40,Englund,102,1.0
white,566,647,-81,bullet,C28,Bishops,75,0.0
black,572,311,261,bullet,C20,Kings,50,1.0
black,565,633,-68,bullet,C00,French,141,0.0
white,572,517,55,bullet,C28,Bishops,129,1.0
black,566,649,-83,bullet,C21,Center,159,0.0
white,562,762,-200,bullet,C00,French,161,0.0
black,558,766,-208,bullet,A00,Van,31,0.0
white,570,754,-184,bullet,B00,Kings,133,1.0
black,574,400,174,bullet,B01,Scandinavian,180,1.0
black,566,597,-31,bullet,C20,Bishops,110,0.0
white,577,680,-103,bullet,B01,Scandinavian,137,1.0
black,584,492,92,bullet,B01,Scandinavian,97,1.0
black,594,660,-66,bullet,D00,Queens,108,1.0
white,603,650,-47,bullet,C25,Vienna,100,1.0
white,592,468,124,bullet,B01,Scandinavian,119,0.0
black,598,506,92,bullet,B01,Scandinavian,87,1.0
white,589,571,18,bullet,B00,Owens,179,0.0
black,583,697,-114,bullet,B01,Scandinavian,129,0.0
white,591,584,7,bullet,B06,Modern,136,1.0
white,599,581,18,bullet,C00,French,92,1.0
black,591,607,-16,bullet,C21,Center,90,0.0
white,598,561,37,bullet,C28,Bishops,108,1.0
black,607,638,-31,bullet,A00,Kings,158,1.0
white,609,638,-29,blitz,B23,Closed,226,0.0
white,609,628,-19,blitz,B01,Scandinavian,274,0.5
black,601,609,-8,blitz,D00,Queens,171,0.0
black,608,571,37,blitz,C25,Vienna,91,1.0
black,616,592,24,blitz,C40,Kings,160,1.0
white,624,609,15,blitz,C20,Kings,24,1.0
white,632,619,13,blitz,B06,Modern,154,1.0
black,624,629,-5,blitz,C25,Vienna,191,0.0
black,599,595,4,bullet,C20,Kings,123,0.0
white,606,569,37,bullet,C25,Vienna,48,1.0
black,616,648,-32,blitz,C20,Bishops,122,0.0
white,599,672,-73,bullet,C28,Bishops,113,0.0
white,608,583,25,bullet,C25,Vienna,103,1.0
black,618,523,95,bullet,C40,Kings,111,1.0
white,610,619,-9,bullet,C25,Vienna,127,0.0
black,619,637,-18,bullet,A20,English,102,1.0
white,627,613,14,bullet,C20,Kings,118,1.0
black,637,720,-83,bullet,D00,Queens,110,1.0
black,606,530,76,blitz,A00,Van,201,0.0
white,612,512,100,blitz,C25,Vienna,164,1.0
black,642,480,162,bullet,C34,Kings,111,1.0
white,650,646,4,bullet,B00,Kings,105,1.0
black,604,607,-3,blitz,C20,Kings,158,0.0
white,700,660,40,rapid,C25,Vienna,147,1.0
black,655,482,173,bullet,A00,Mieses,96,1.0
black,649,746,-97,bullet,C21,Center,162,0.0
white,659,722,-63,bullet,C28,Bishops,129,1.0
black,654,804,-150,bullet,C25,Vienna,125,0.0
black,662,665,-3,bullet,C20,Bishops,140,1.0
white,673,779,-106,bullet,C00,French,157,1.0
white,679,406,273,bullet,C00,French,87,1.0
black,670,633,37,bullet,C20,Kings,151,0.0
white,677,615,62,bullet,C00,French,91,1.0
white,688,786,-98,bullet,C28,Bishops,134,1.0
black,682,792,-110,bullet,A04,Reti,106,0.0
black,672,600,72,bullet,C20,Kings,108,0.0
white,661,549,112,bullet,C20,Bishops,21,0.0
white,671,745,-74,bullet,B23,Closed,53,1.0
black,664,738,-74,bullet,C20,Bishops,126,0.0
white,671,593,78,bullet,C28,Bishops,101,1.0
white,675,458,217,bullet,B00,Kings,85,1.0
black,665,603,62,bullet,A01,Nimzowitsch,94,0.0
black,658,695,-37,bullet,C23,Bishops,101,0.0
white,651,707,-56,bullet,B00,Kings,131,0.0
white,659,626,33,bullet,C28,Bishops,174,1.0
black,651,677,-26,bullet,C20,Kings,54,0.0
white,646,773,-127,bullet,B01,Scandinavian,104,0.0
black,652,521,131,bullet,C20,Kings,97,1.0
black,657,516,141,bullet,C25,Vienna,101,1.0
white,666,675,-9,bullet,B10,Caro,138,1.0
white,672,550,122,bullet,C25,Vienna,117,1.0
white,661,562,99,bullet,C10,French,72,0.0
black,654,712,-58,bullet,C20,Bishops,94,0.0
black,646,661,-15,bullet,A00,Saragossa,79,0.0
black,637,631,6,bullet,C20,Kings,127,0.0
white,645,573,72,bullet,B00,Nimzowitsch,50,1.0
white,637,644,-7,bullet,C25,Vienna,114,0.0
black,629,662,-33,bullet,A01,Nimzowitsch,164,0.0
black,592,427,165,blitz,C26,Bishops,101,0.0
white,583,554,29,blitz,B01,Scandinavian,103,0.0
white,591,578,13,blitz,C25,Vienna,182,1.0
black,594,719,-125,blitz,A00,Van,248,0.5
white,602,606,-4,blitz,C21,Center,183,1.0
black,637,626,11,bullet,A00,Van,134,1.0
white,609,547,62,blitz,C25,Vienna,62,1.0
black,602,638,-36,blitz,B01,Scandinavian,117,0.0
black,610,587,23,blitz,C00,French,35,1.0
white,602,611,-9,blitz,C20,Kings,188,0.0
black,595,667,-72,blitz,D06,Queens,128,0.0
white,588,625,-37,blitz,C23,Bishops,128,0.0
white,580,611,-31,blitz,C20,Bishops,30,0.0
white,572,580,-8,blitz,C23,Bishops,90,0.0
black,566,646,-80,blitz,A06,Reti,103,0.0
white,574,540,34,blitz,B01,Scandinavian,183,1.0
black,582,560,22,blitz,C42,Petrovs,59,1.0
black,574,596,-22,blitz,C20,Kings,162,0.0
black,582,558,24,blitz,B00,Nimzowitsch,136,1.0
white,591,597,-6,blitz,A04,Reti,112,1.0
white,583,610,-27,blitz,C47,Four,137,0.0
white,575,605,-30,blitz,C47,Four,41,0.0
black,567,580,-13,blitz,B01,Scandinavian,156,0.0
black,645,616,29,bullet,A40,Englund,105,1.0
black,653,639,14,bullet,D00,Queens,92,1.0
white,559,554,5,blitz,C42,Petrovs,120,0.0
white,647,761,-114,bullet,B20,Sicilian,111,0.0
black,640,715,-75,bullet,C21,Center,101,0.0
white,645,514,131,bullet,B01,Scandinavian,97,1.0
black,637,655,-18,bullet,C41,Philidor,192,0.0
black,647,717,-70,bullet,C20,Bishops,118,1.0
white,653,539,114,bullet,C46,Three,137,1.0
black,642,530,112,bullet,C41,Philidor,142,0.0
white,648,524,124,bullet,C26,Vienna,87,1.0
black,640,652,-12,bullet,A00,Kings,148,0.0
white,630,614,16,bullet,C25,Vienna,133,0.0
black,567,546,21,blitz,A40,Englund,49,1.0
white,560,622,-62,blitz,A04,Reti,107,0.0
white,568,536,32,blitz,B02,Alekhines,115,1.0
black,622,650,-28,bullet,D00,Queens,170,0.0
white,631,641,-10,bullet,A00,Van,54,1.0
white,623,643,-20,bullet,B20,Sicilian,106,0.0
black,613,553,60,bullet,C25,Vienna,104,0.0
black,604,584,20,bullet,B01,Scandinavian,101,0.0
white,598,684,-86,bullet,C42,Petrovs,137,0.0
white,588,540,48,bullet,B01,Scandinavian,79,0.0
black,580,598,-18,bullet,C40,Kings,75,0.0
black,560,585,-25,blitz,D00,Queens,128,0.0
black,550,501,49,blitz,D02,Queens,90,0.0
white,585,433,152,bullet,C23,Bishops,106,1.0
white,580,719,-139,bullet,B01,Scandinavian,108,0.0
black,592,743,-151,bullet,B01,Scandinavian,83,1.0
white,581,483,98,bullet,C55,Italian,45,0.0
white,574,753,-179,bullet,C23,Bishops,21,0.0
black,567,644,-77,bullet,C20,Kings,120,0.0
black,543,600,-57,blitz,A00,Van,120,0.0
white,550,509,41,blitz,C00,French,77,1.0
white,558,543,15,blitz,C41,Philidor,115,1.0
black,566,556,10,blitz,C40,Kings,196,1.0
black,560,612,-52,bullet,B01,Scandinavian,129,0.0
white,551,544,7,bullet,C45,Scotch,107,0.0
black,559,536,23,bullet,A06,Reti,128,1.0
white,558,574,-16,blitz,C55,Italian,144,0.0
black,566,548,18,blitz,B01,Scandinavian,162,1.0
black,574,396,178,blitz,A03,Birds,154,1.0
white,567,568,-1,bullet,B00,Nimzowitsch,91,1.0
white,573,469,104,bullet,C25,Vienna,30,1.0
black,564,532,32,bullet,C40,Kings,155,0.0
white,568,365,203,bullet,B01,Scandinavian,109,1.0
black,564,746,-182,bullet,B01,Scandinavian,131,0.0
white,575,709,-134,bullet,C23,Bishops,103,1.0
black,568,624,-56,bullet,D20,Queens,33,0.0
black,567,603,-36,blitz,A00,Van,95,0.0
white,559,623,-64,blitz,C50,Italian,125,0.0
white,551,609,-58,blitz,C20,Kings,87,0.0
black,559,555,4,bullet,D02,Queens,97,0.0
white,551,584,-33,bullet,C25,Vienna,133,0.0
white,542,531,11,bullet,B01,Scandinavian,126,0.0
black,548,449,99,bullet,C40,Kings,123,1.0
black,555,499,56,bullet,C20,Kings,108,1.0
white,563,556,7,bullet,B01,Scandinavian,139,1.0
white,557,652,-95,bullet,B07,Pirc,136,0.0
black,551,658,-107,bullet,D00,Queens,134,0.0
black,560,579,-19,bullet,B01,Scandinavian,122,1.0
white,552,587,-35,bullet,C00,French,140,0.0
black,560,529,31,bullet,A06,Reti,139,1.0
black,552,552,0,bullet,B01,Scandinavian,141,0.0
white,544,541,3,bullet,C28,Bishops,99,0.0
black,552,519,33,bullet,B01,Scandinavian,34,1.0
white,544,607,-63,bullet,C23,Bishops,73,0.0
black,553,559,-6,bullet,B01,Scandinavian,127,1.0
white,561,527,34,bullet,C00,French,30,1.0
black,552,529,23,bullet,B01,Scandinavian,63,0.0
white,564,728,-164,bullet,C23,Bishops,19,1.0
white,557,611,-54,bullet,B01,Scandinavian,68,0.0
black,548,501,47,bullet,D06,Queens,270,0.0
black,541,608,-67,bullet,A10,English,108,0.0
white,549,553,-4,bullet,C00,French,29,1.0
white,539,484,55,bullet,C28,Bishops,103,0.0
white,528,401,127,bullet,C23,Bishops,77,0.0
black,520,531,-11,bullet,B01,Scandinavian,182,0.0
white,516,688,-172,bullet,B01,Scandinavian,64,0.0
white,510,607,-97,bullet,C55,Italian,128,0.0
black,505,635,-130,bullet,B01,Scandinavian,146,0.0
black,513,502,11,bullet,C40,Kings,138,1.0
black,543,550,-7,blitz,D00,Queens,74,0.0
white,551,522,29,blitz,B01,Scandinavian,136,1.0
black,560,591,-31,blitz,B07,Pirc,137,1.0
black,506,566,-60,bullet,B01,Scandinavian,115,0.0
white,515,537,-22,bullet,C23,Bishops,112,1.0
black,553,628,-75,blitz,B01,Scandinavian,120,0.0
white,559,456,103,blitz,C00,French,191,1.0
black,524,539,-15,bullet,B01,Scandinavian,107,1.0
white,516,530,-14,bullet,B10,Caro,66,0.0
black,524,514,10,bullet,B01,Scandinavian,121,1.0
black,532,531,1,bullet,B01,Scandinavian,79,1.0
white,523,514,9,bullet,C55,Italian,97,0.0
black,515,517,-2,bullet,A01,Nimzowitsch,112,0.0
white,567,546,21,blitz,C40,Kings,125,1.0
white,509,627,-118,bullet,C24,Bishops,92,0.0
black,504,632,-128,bullet,B01,Scandinavian,139,0.0
white,497,647,-150,bullet,B01,Scandinavian,85,0.0
white,575,566,9,blitz,C00,French,44,1.0
black,583,555,28,blitz,B01,Scandinavian,175,1.0
black,575,605,-30,blitz,D00,Queens,121,0.0
white,567,705,-138,blitz,B01,Scandinavian,61,0.0
white,575,559,16,blitz,C20,Kings,79,1.0
black,489,508,-19,bullet,D00,Queens,143,0.0
white,482,569,-87,bullet,C20,Kings,29,0.0
black,490,454,36,bullet,B01,Scandinavian,49,1.0
white,481,469,12,bullet,A00,Van,149,0.0
black,473,492,-19,bullet,B01,Scandinavian,130,0.0
black,482,493,-11,bullet,B01,Scandinavian,72,1.0
white,583,586,-3,blitz,C47,Four,102,1.0
white,576,636,-60,blitz,B23,Closed,190,0.0
black,491,428,63,bullet,A06,Reti,140,1.0
black,483,505,-22,bullet,A00,Grob,109,0.0
white,492,533,-41,bullet,C00,French,147,1.0
white,486,591,-105,bullet,C20,Bishops,29,0.0
white,492,387,105,bullet,B10,Caro,123,1.0
black,567,562,5,blitz,B01,Scandinavian,138,0.0
black,560,596,-36,blitz,B01,Scandinavian,20,0.0
white,552,553,-1,blitz,A00,Van,82,0.0
black,544,544,0,blitz,B01,Scandinavian,103,0.0
black,484,499,-15,bullet,D00,Queens,47,0.0
white,492,467,25,bullet,C50,Giuoco,150,1.0
white,484,538,-54,bullet,B07,Pirc,85,0.0
black,551,502,49,blitz,B01,Scandinavian,53,1.0
white,559,531,28,blitz,C23,Bishops,156,1.0
black,476,478,-2,bullet,B01,Scandinavian,78,0.0
black,484,468,16,bullet,B01,Scandinavian,116,1.0
white,493,497,-4,bullet,C25,Vienna,89,1.0
white,485,508,-23,bullet,C20,Kings,110,0.0
black,478,516,-38,bullet,B01,Scandinavian,70,0.0
white,567,541,26,blitz,C46,Three,172,1.0
black,470,488,-18,bullet,D02,Queens,91,0.0
white,478,480,-2,bullet,C50,Giuoco,123,1.0
white,471,571,-100,bullet,C50,Giuoco,155,0.0
black,465,593,-128,bullet,D00,Queens,119,0.0
white,559,755,-196,blitz,C00,French,66,0.0
black,567,532,35,blitz,B01,Scandinavian,73,1.0
black,474,503,-29,bullet,A06,Reti,112,1.0
white,685,681,4,rapid,C40,Kings,49,0.0
black,701,743,-42,rapid,D00,Queens,243,1.0
white,479,314,165,bullet,C55,Italian,107,1.0
white,575,555,20,blitz,C23,Bishops,177,1.0
black,486,435,51,bullet,A00,Van,72,1.0
black,567,591,-24,blitz,C20,Kings,183,0.0
white,575,543,32,blitz,C40,Kings,178,1.0
white,493,436,57,bullet,C24,Bishops,82,1.0
black,499,411,88,bullet,B01,Scandinavian,76,1.0
black,506,431,75,bullet,B01,Scandinavian,38,1.0
black,498,525,-27,bullet,A00,Van,101,0.0
white,504,393,111,bullet,C41,Philidor,120,1.0
white,567,563,4,blitz,C50,Giuoco,186,0.0
black,575,566,9,blitz,A00,Van,118,1.0
black,567,574,-7,blitz,D02,Queens,108,0.0
white,576,599,-23,blitz,B00,Kings,163,1.0
black,714,698,16,rapid,A01,Nimzowitsch,117,1.0
white,572,769,-197,blitz,B01,Scandinavian,144,0.0
white,492,325,167,bullet,C50,Italian,65,0.0
white,503,638,-135,bullet,B07,Pirc,68,1.0
black,513,583,-70,bullet,B01,Scandinavian,72,1.0
white,522,538,-16,bullet,C24,Bishops,117,1.0
black,565,630,-65,blitz,B01,Scandinavian,120,0.0
white,513,558,-45,bullet,C23,Bishops,123,0.0
black,514,541,-27,bullet,B01,Scandinavian,111,0.5
black,506,508,-2,bullet,B01,Scandinavian,130,0.0
white,513,438,75,bullet,A00,Van,132,1.0
black,521,495,26,bullet,A00,Van,126,1.0
white,573,552,21,blitz,B12,Caro,96,1.0
white,566,643,-77,blitz,B01,Scandinavian,143,0.0
white,513,536,-23,bullet,C50,Giuoco,102,0.0
black,521,453,68,bullet,A03,Birds,91,1.0
black,529,522,7,bullet,D00,Queens,11,1.0
black,521,549,-28,bullet,B01,Scandinavian,101,0.0
white,557,523,34,blitz,C50,Giuoco,137,0.0
black,728,723,5,rapid,C50,Italian,108,1.0
white,565,535,30,blitz,C47,Four,39,1.0
black,558,594,-36,blitz,B01,Scandinavian,141,0.0
white,529,516,13,bullet,B01,Scandinavian,90,1.0
white,551,588,-37,blitz,C28,Bishops,37,0.0
black,521,520,1,bullet,C23,Bishops,125,0.0
black,529,504,25,bullet,A04,Reti,132,1.0
white,538,546,-8,bullet,B01,Scandinavian,19,1.0
white,547,560,-13,bullet,B28,Sicilian,109,1.0
black,538,496,42,bullet,D04,Colle,135,0.0
black,543,391,152,bullet,B01,Scandinavian,102,1.0
black,534,503,31,bullet,C50,Giuoco,102,0.0
white,543,580,-37,bullet,C25,Vienna,88,1.0
white,549,464,85,bullet,B40,Sicilian,63,1.0
white,541,541,0,bullet,B01,Scandinavian,112,0.0
black,548,510,38,bullet,B00,Nimzowitsch,85,1.0
black,558,522,36,blitz,A40,Queens,109,1.0
white,568,636,-68,blitz,B01,Scandinavian,210,1.0
white,576,559,17,blitz,C26,Bishops,60,1.0
black,539,530,9,bullet,A00,Van,146,0.0
black,533,630,-97,bullet,B01,Scandinavian,138,0.0
white,525,553,-28,bullet,C50,Giuoco,89,0.0
white,517,519,-2,bullet,C46,Three,118,0.0
black,510,563,-53,bullet,B01,Scandinavian,166,0.0
white,517,479,38,bullet,C46,Three,18,1.0
black,523,391,132,bullet,B01,Scandinavian,176,1.0
black,515,526,-11,bullet,C57,Italian,66,0.0
black,507,534,-27,bullet,B00,Nimzowitsch,79,0.0
white,514,451,63,bullet,B00,Kings,8,1.0
white,507,543,-36,bullet,B01,Scandinavian,95,0.0
white,500,539,-39,bullet,C28,Bishops,77,0.0
black,510,538,-28,bullet,C23,Bishops,92,1.0
black,502,543,-41,bullet,C44,Kings,133,0.0
white,569,605,-36,blitz,B23,Closed,174,0.0
black,561,579,-18,blitz,C50,Italian,102,0.0
white,561,565,-4,blitz,C48,Four,245,0.0
black,494,490,4,bullet,B01,Scandinavian,103,0.0
white,485,498,-13,bullet,C46,Three,121,0.0
white,478,531,-53,bullet,C46,Three,138,0.0
black,470,481,-11,bullet,C53,Giuoco,84,0.0
white,478,467,11,bullet,C00,French,86,1.0
black,487,507,-20,bullet,B01,Scandinavian,140,1.0
black,493,384,109,bullet,C45,Scotch,95,1.0
white,502,546,-44,bullet,C46,Three,103,1.0
black,510,497,13,bullet,B01,Scandinavian,114,1.0
white,502,505,-3,bullet,C40,Kings,142,0.0
white,510,474,36,bullet,B07,Pirc,121,1.0
black,503,541,-38,bullet,C57,Italian,53,0.0
black,511,487,24,bullet,C20,Kings,169,1.0
black,517,421,96,bullet,B07,Pirc,116,1.0
white,524,441,83,bullet,B10,Caro,107,1.0
white,515,487,28,bullet,C46,Three,147,0.0
white,522,467,55,bullet,C46,Three,136,1.0
white,529,465,64,bullet,C47,Four,41,1.0
white,533,343,190,bullet,C46,Three,92,1.0
white,542,565,-23,bullet,C50,Giuoco,133,1.0
black,535,576,-41,bullet,A01,Nimzowitsch,55,0.0
black,525,472,53,bullet,D07,Queens,100,0.0
white,533,357,176,bullet,C40,Kings,50,1.0
black,541,510,31,bullet,C50,Giuoco,101,1.0
white,548,491,57,bullet,B01,Scandinavian,67,1.0
white,543,697,-154,bullet,B00,Nimzowitsch,143,0.0
black,554,686,-132,bullet,A40,Queens,143,1.0
black,559,412,147,bullet,D00,Queens,55,1.0
white,568,600,-32,bullet,C42,Petrovs,53,1.0
black,576,559,17,bullet,C46,Three,97,1.0
white,584,562,22,bullet,B07,Pirc,171,1.0
white,585,602,-17,bullet,B10,Caro,184,0.5
black,593,479,114,bullet,A00,Undefined,107,1.0
white,584,555,29,bullet,B07,Pirc,111,0.0
black,575,564,11,bullet,C45,Scotch,80,0.0
black,581,490,91,bullet,A40,Queens,50,1.0
white,592,708,-116,bullet,B02,Alekhines,97,1.0
black,601,632,-31,bullet,D02,Queens,89,1.0
white,609,576,33,bullet,B00,Nimzowitsch,50,1.0
white,617,620,-3,bullet,B01,Scandinavian,49,1.0
white,609,642,-33,bullet,B01,Scandinavian,100,0.0
black,600,595,5,bullet,B00,Nimzowitsch,132,0.0
white,608,587,21,bullet,B01,Scandinavian,100,1.0
black,568,512,56,blitz,C46,Three,105,1.0
white,600,630,-30,bullet,C28,Bishops,121,0.0
black,592,604,-12,bullet,D02,Queens,130,0.0
white,599,551,48,bullet,C41,Philidor,133,1.0
black,591,600,-9,bullet,A40,Englund,92,0.0
black,584,652,-68,bullet,C46,Three,149,0.0
white,576,607,-31,bullet,C50,Giuoco,144,0.0
white,568,587,-19,bullet,B02,Alekhines,158,0.0
black,560,570,-10,bullet,C20,Kings,107,0.0
black,552,588,-36,bullet,D00,Queens,152,0.0
white,560,541,19,bullet,C25,Vienna,116,1.0
black,569,586,-17,bullet,D04,Colle,91,1.0
white,561,560,1,bullet,C20,Bishops,22,0.0
white,568,531,37,bullet,B00,Owens,108,1.0
black,577,585,-8,bullet,B01,Scandinavian,154,1.0
black,582,422,160,bullet,D02,Queens,78,1.0
white,590,572,18,bullet,B40,Sicilian,109,1.0
white,595,449,146,bullet,A06,Reti,188,1.0
black,600,469,131,bullet,B01,Scandinavian,100,1.0
white,576,546,30,blitz,B07,Pirc,224,1.0
black,609,560,49,bullet,C45,Scotch,123,1.0
white,617,578,39,bullet,C25,Vienna,181,1.0
white,622,466,156,bullet,B07,Pirc,80,1.0
black,610,438,172,bullet,A00,Undefined,131,0.0
black,604,716,-112,bullet,B01,Scandinavian,104,0.0
white,594,502,92,bullet,C50,Giuoco,113,0.0
black,601,498,103,bullet,C62,Ruy,132,1.0
black,613,762,-149,bullet,C23,Bishops,108,1.0
white,624,741,-117,bullet,B30,Sicilian,83,1.0
black,567,546,21,blitz,C46,Three,195,0.0
white,615,574,41,bullet,C00,French,190,0.0
black,619,446,173,bullet,C20,Kings,39,1.0
white,613,700,-87,bullet,C00,French,128,0.0
white,601,453,148,bullet,C25,Vienna,41,0.0
black,592,585,7,bullet,A41,Queens,128,0.0
white,598,510,88,bullet,B00,Kings,144,1.0
black,590,601,-11,bullet,D07,Queens,57,0.0
white,596,516,80,bullet,B01,Scandinavian,122,1.0
black,592,770,-178,bullet,D00,Queens,144,0.0
black,585,649,-64,bullet,C44,Kings,126,0.0
white,591,467,124,bullet,C25,Vienna,88,1.0
black,575,575,0,blitz,A00,Kings,75,1.0
white,582,544,38,blitz,C00,French,183,1.0
black,590,567,23,blitz,A46,Indian,133,1.0
white,598,598,0,blitz,C42,Petrovs,120,1.0
black,599,575,24,bullet,C46,Three,105,1.0
white,591,641,-50,blitz,C47,Four,107,0.0
white,599,573,26,blitz,C40,Kings,88,1.0
black,607,571,36,bullet,B01,Scandinavian,119,1.0
black,600,653,-53,bullet,C46,Three,159,0.0
white,608,420,188,bullet,C50,Giuoco,78,1.0
white,616,447,169,bullet,C46,Three,38,1.0
black,624,587,37,bullet,C42,Petrovs,68,1.0
white,616,611,5,bullet,C26,Vienna,157,0.0
white,607,600,7,bullet,C23,Bishops,106,0.0
black,614,536,78,bullet,A45,Indian,124,1.0
black,623,638,-15,bullet,A00,Mieses,96,1.0
white,615,636,-21,bullet,C46,Three,167,0.0
white,607,644,-37,bullet,A00,Van,96,0.0
black,599,626,-27,bullet,C50,Italian,118,0.0
white,608,624,-16,bullet,C42,Petrovs,87,1.0
black,600,602,-2,bullet,D00,Queens,119,0.0
black,592,607,-15,bullet,A00,Van,107,0.0
black,600,568,32,bullet,A00,Van,116,1.0
white,607,573,34,blitz,B01,Scandinavian,57,1.0
black,608,596,12,bullet,C44,Kings,123,1.0
white,617,621,-4,bullet,B00,Owens,160,1.0
white,624,552,72,bullet,C50,Giuoco,103,1.0
white,632,596,36,bullet,C25,Vienna,153,1.0
black,623,689,-66,bullet,C50,Italian,162,0.0
white,615,629,-14,bullet,B01,Scandinavian,145,0.0
black,608,672,-64,bullet,A21,English,118,0.0
black,616,590,26,bullet,C46,Three,132,1.0
black,624,588,36,bullet,B00,Nimzowitsch,117,1.0
white,632,622,10,bullet,B01,Scandinavian,189,1.0
black,640,625,15,bullet,D04,Colle,159,1.0
white,646,546,100,bullet,C25,Vienna,141,1.0
white,599,626,-27,blitz,C00,French,194,0.0
black,592,633,-41,blitz,A00,Van,65,0.0
black,654,461,193,bullet,C50,Italian,59,1.0
white,584,583,1,blitz,B01,Scandinavian,38,0.0
white,591,542,49,blitz,C00,French,134,1.0
black,583,615,-32,blitz,C46,Three,144,0.0
white,590,545,45,blitz,C50,Giuoco,195,1.0
black,583,619,-36,blitz,D00,Queens,153,0.0
black,591,578,13,blitz,C30,Kings,209,1.0
white,646,645,1,bullet,B01,Scandinavian,135,0.0
black,655,662,-7,bullet,B00,Nimzowitsch,163,1.0
black,663,653,10,bullet,B01,Scandinavian,97,1.0
white,672,679,-7,bullet,B40,Sicilian,42,1.0
white,681,670,11,bullet,C48,Four,167,1.0
white,689,694,-5,bullet,C48,Four,82,1.0
black,695,588,107,bullet,D00,Queens,117,1.0
black,599,590,9,blitz,C25,Vienna,87,1.0
white,590,583,7,blitz,B07,Pirc,266,0.0
black,581,593,-12,blitz,D20,Queens,56,0.0
black,588,530,58,blitz,D00,Queens,158,1.0
white,596,591,5,blitz,C47,Four,51,1.0
white,589,637,-48,blitz,C42,Petrovs,98,0.0
black,581,595,-14,blitz,C30,Kings,70,0.0
white,703,517,186,bullet,C41,Philidor,90,1.0
black,711,705,6,bullet,D00,Queens,100,1.0
black,718,681,37,bullet,C23,Bishops,100,1.0
black,572,550,22,blitz,A06,Reti,122,0.0
white,564,584,-20,blitz,C49,Four,109,0.0
black,572,550,22,blitz,C25,Vienna,113,1.0
white,580,559,21,blitz,C00,French,110,1.0
white,589,591,-2,blitz,B01,Scandinavian,44,1.0
white,707,595,112,bullet,B01,Scandinavian,148,0.0
black,714,652,62,bullet,A00,Van,117,1.0
black,723,742,-19,bullet,B00,Nimzowitsch,123,1.0
white,729,642,87,bullet,C28,Bishops,100,1.0
white,736,674,62,bullet,C00,French,133,1.0
black,581,602,-21,blitz,C50,Italian,137,0.0
white,744,730,14,bullet,C50,Giuoco,84,1.0
black,736,739,-3,bullet,C20,Kings,149,0.0
black,730,833,-103,bullet,D07,Queens,75,0.0
white,738,729,9,bullet,A04,Reti,106,1.0
black,747,778,-31,bullet,C20,Kings,121,1.0
white,754,686,68,bullet,B07,Pirc,187,1.0
white,745,711,34,bullet,A04,Reti,130,0.0
black,736,724,12,bullet,C23,Bishops,107,0.0
black,729,802,-73,bullet,C20,Kings,120,0.0
white,724,847,-123,bullet,B01,Scandinavian,133,0.0
white,574,624,-50,blitz,C46,Three,98,0.0
black,717,756,-39,bullet,C50,Giuoco,118,0.0
white,709,750,-41,bullet,C00,French,64,0.0
black,566,573,-7,blitz,C55,Italian,116,0.0
black,574,548,26,blitz,C00,French,87,1.0
white,565,558,7,blitz,C50,Giuoco,93,0.0
white,719,767,-48,bullet,C47,Four,134,1.0
black,727,618,109,bullet,C45,Scotch,127,1.0
black,557,574,-17,blitz,A04,Reti,120,0.0
white,742,711,31,rapid,D02,London,78,1.0
black,757,756,1,rapid,A01,Nimzowitsch,80,1.0
white,744,770,-26,rapid,D00,Queens,150,0.0
white,717,653,64,bullet,C25,Vienna,120,0.0
black,549,596,-47,blitz,A45,Indian,114,0.0
white,557,532,25,blitz,C47,Four,22,1.0
black,548,525,23,blitz,C20,Kings,156,0.0
white,539,524,15,blitz,A00,Mieses,167,0.0
black,539,539,0,blitz,C20,Kings,288,0.5
white,547,546,1,blitz,C25,Vienna,147,1.0
black,557,608,-51,blitz,C20,Bishops,202,1.0
black,564,505,59,blitz,A40,Modern,118,1.0
white,572,573,-1,blitz,A00,Mieses,57,1.0
black,580,556,24,blitz,A05,Reti,141,1.0
white,573,659,-86,blitz,A00,Mieses,114,0.0
white,757,724,33,rapid,D00,Queens,201,1.0
white,770,753,17,rapid,D02,Queens,110,1.0
black,581,557,24,blitz,A03,Birds,14,1.0
white,573,576,-3,blitz,C42,Petrovs,22,0.0
black,565,564,1,blitz,C21,Center,203,0.0
white,728,837,-109,bullet,C25,Vienna,86,1.0
white,736,702,34,bullet,D00,Queens,87,1.0
white,572,536,36,blitz,A40,Queens,8,1.0
black,564,572,-8,blitz,C50,Italian,36,0.0
black,572,568,4,blitz,B07,Pirc,12,1.0
black,564,601,-37,blitz,C46,Three,128,0.0
white,743,676,67,bullet,C48,Four,110,1.0
black,570,475,95,blitz,C00,French,109,1.0
black,734,713,21,bullet,C25,Vienna,159,0.0
black,570,558,12,blitz,D02,Queens,84,0.5
white,562,576,-14,blitz,D02,Queens,129,0.0
black,570,450,120,blitz,C20,Kings,16,1.0
white,579,596,-17,blitz,D02,Queens,113,1.0
black,571,566,5,blitz,C00,French,147,0.0
white,563,570,-7,blitz,A40,Queens,56,0.0
black,725,717,8,bullet,A00,Polish,98,0.0
white,554,548,6,blitz,C20,Kings,104,0.0
black,546,565,-19,blitz,C20,Kings,149,0.0
white,551,372,179,blitz,B00,Owens,49,1.0
white,544,619,-75,blitz,A40,Englund,103,0.0
white,733,715,18,bullet,D00,Queens,12,1.0
black,725,723,2,bullet,C20,Kings,117,0.0
black,544,595,-51,blitz,D00,Queens,152,0.0
white,552,527,25,blitz,C41,Philidor,146,1.0
black,560,540,20,blitz,D02,Queens,75,1.0
white,569,514,55,blitz,D02,Queens,97,1.0
black,577,557,20,blitz,C46,Three,34,1.0
black,583,503,80,blitz,C00,French,88,1.0
white,592,597,-5,blitz,A40,Queens,136,1.0
black,733,695,38,bullet,B00,Nimzowitsch,158,1.0
white,780,667,113,rapid,D02,Queens,154,1.0
black,588,768,-180,blitz,C50,Italian,143,0.0
white,596,562,34,blitz,A45,Indian,37,1.0
white,768,813,-45,rapid,D00,Queens,145,0.0
black,781,784,-3,rapid,B07,Pirc,168,1.0
white,781,772,9,rapid,B00,Kings,217,0.5
black,740,671,69,bullet,C20,Kings,72,1.0
white,747,711,36,bullet,B01,Scandinavian,138,1.0
black,739,734,5,bullet,C20,Kings,157,0.0
white,731,736,-5,bullet,B01,Scandinavian,115,0.0
black,739,728,11,bullet,C41,Philidor,83,1.0
white,731,744,-13,bullet,C50,Giuoco,81,0.0
black,722,687,35,bullet,D00,Queens,101,0.0
white,729,678,51,bullet,C42,Petrovs,115,1.0
black,720,689,31,bullet,A40,Englund,201,0.0
white,711,699,12,bullet,C25,Vienna,113,0.0
white,702,657,45,bullet,D02,Queens,106,0.0
black,605,618,-13,blitz,C64,Ruy,172,1.0
white,613,592,21,blitz,A40,Queens,57,1.0
black,620,537,83,blitz,A07,Kings,128,1.0
white,628,566,62,blitz,B23,Closed,33,1.0
black,620,644,-24,blitz,C20,Kings,230,0.0
white,612,630,-18,blitz,C00,French,155,0.0
black,604,609,-5,blitz,B10,Caro,130,0.0
white,711,740,-29,bullet,B23,Closed,171,1.0
white,718,654,64,bullet,C25,Vienna,149,1.0
black,719,739,-20,bullet,C25,Vienna,199,0.0
black,712,753,-41,bullet,B10,Caro,152,0.0
black,720,664,56,bullet,B11,Caro,103,1.0
white,711,665,46,bullet,A00,Van,102,0.0
white,789,615,174,rapid,A40,Queens,72,1.0
black,778,800,-22,rapid,B10,Caro,111,0.0
white,767,773,-6,rapid,D02,Queens,33,0.0
black,776,662,114,rapid,A00,Undefined,93,1.0
white,787,788,-1,rapid,D02,Queens,125,1.0
black,797,763,34,rapid,B13,Caro,209,1.0
black,806,771,35,rapid,A40,Queens,101,1.0
white,610,524,86,blitz,C28,Bishops,79,1.0
white,618,583,35,blitz,C28,Bishops,114,1.0
black,814,628,186,rapid,D02,Queens,86,1.0
black,626,591,35,blitz,D02,Queens,105,1.0
white,634,615,19,blitz,A04,Reti,8,1.0
black,641,595,46,blitz,D02,Queens,150,1.0
white,650,671,-21,blitz,A41,Queens,146,1.0
black,718,648,70,bullet,D00,Queens,102,1.0
white,642,666,-24,blitz,B01,Scandinavian,121,0.0
black,633,616,17,blitz,B13,Caro,122,0.0
white,625,658,-33,blitz,A04,Reti,101,0.0
white,709,701,8,bullet,A00,Van,122,0.0
black,701,723,-22,bullet,C46,Three,119,0.0
white,708,647,61,bullet,B23,Closed,124,1.0
black,632,582,50,blitz,B10,Caro,48,1.0
black,640,603,37,blitz,B13,Caro,209,1.0
white,805,842,-37,rapid,D02,Queens,136,0.0
black,815,799,16,rapid,B11,Caro,123,1.0
white,632,717,-85,blitz,A40,Englund,61,0.0
white,702,793,-91,bullet,C40,Kings,84,0.0
black,710,706,4,bullet,A03,Birds,108,1.0
black,702,738,-36,bullet,A00,Van,166,0.0
black,694,877,-183,bullet,B10,Caro,114,0.0
white,686,692,-6,bullet,A40,Queens,86,0.0
white,677,660,17,bullet,C20,Kings,95,0.0
black,825,828,-3,rapid,D11,Slav,167,1.0
white,834,799,35,rapid,D02,Queens,199,1.0
white,684,624,60,bullet,D02,London,59,1.0
black,691,482,209,bullet,A00,Van,68,1.0
white,698,653,45,bullet,B02,Alekhines,40,1.0
black,706,693,13,bullet,B12,Caro,89,1.0
white,698,716,-18,bullet,C20,Kings,119,0.0
black,690,720,-30,bullet,B13,Caro,109,0.0
white,623,618,5,blitz,C24,Bishops,135,0.0
white,631,615,16,blitz,B00,Kings,8,1.0
black,639,618,21,blitz,A11,English,120,1.0
black,647,570,77,blitz,B10,Caro,119,1.0
black,697,649,48,bullet,A00,Mieses,120,1.0
white,689,684,5,bullet,D02,Queens,124,0.0
black,696,554,142,bullet,C50,Italian,117,1.0
white,687,673,14,bullet,C20,Kings,101,0.0
white,696,715,-19,bullet,A40,Modern,60,1.0
black,687,670,17,bullet,D02,Queens,139,0.0
white,842,802,40,rapid,D02,Queens,30,1.0
white,850,821,29,rapid,A40,Queens,111,1.0
black,841,850,-9,rapid,D00,Richter,105,0.0
white,833,865,-32,rapid,D02,Queens,105,0.0
black,841,815,26,rapid,B11,Caro,99,1.0
black,841,843,-2,rapid,B12,Caro,189,0.5
white,833,858,-25,rapid,D02,Queens,132,0.0
black,841,829,12,rapid,B12,Caro,158,1.0
white,833,856,-23,rapid,A40,Modern,109,0.0
black,841,845,-4,rapid,D10,Slav,128,1.0
white,655,608,47,blitz,D02,Queens,83,1.0
black,833,855,-22,rapid,B07,Pirc,162,0.0
black,824,819,5,rapid,B10,Caro,196,0.0
white,816,853,-37,rapid,A45,Indian,57,0.0
black,824,788,36,rapid,B10,Caro,112,1.0
white,816,846,-30,rapid,A40,Englund,162,0.0
black,824,787,37,rapid,B10,Caro,117,1.0
white,832,782,50,rapid,D02,Queens,48,1.0
black,840,808,32,rapid,A00,Van,84,1.0
white,832,836,-4,rapid,A80,Dutch,99,0.0
white,825,861,-36,rapid,C64,Ruy,75,0.0
black,833,808,25,rapid,C47,Four,78,1.0
black,840,804,36,rapid,C21,Center,135,1.0
black,662,624,38,blitz,D00,Queens,114,1.0
white,680,733,-53,bullet,C40,Kings,113,0.0
black,672,707,-35,bullet,B13,Caro,120,0.0
white,680,652,28,bullet,B23,Closed,97,1.0
white,688,691,-3,bullet,B00,Kings,59,1.0
black,848,796,52,rapid,D02,Queens,133,1.0
white,856,861,-5,rapid,D02,Queens,236,1.0
black,670,590,80,blitz,C47,Four,90,1.0
white,678,672,6,blitz,A41,Queens,56,1.0
black,670,667,3,blitz,B12,Caro,129,0.0
white,865,872,-7,rapid,D00,Queens,173,1.0
black,663,724,-61,blitz,D00,Queens,106,0.0
white,655,667,-12,blitz,C23,Bishops,125,0.0
black,663,645,18,blitz,B13,Caro,135,1.0
white,696,694,2,bullet,B18,Caro,107,1.0
black,688,702,-14,bullet,B13,Caro,107,0.0
black,873,840,33,rapid,B10,Caro,89,1.0
white,655,668,-13,blitz,D02,Queens,158,0.0
white,647,679,-32,blitz,C00,French,75,0.0
white,680,700,-20,bullet,C50,Giuoco,126,0.0
black,655,639,16,blitz,A00,Undefined,6,1.0
white,663,539,124,blitz,A40,Queens,31,1.0
black,873,511,362,rapid,B12,Caro,143,1.0
white,671,665,6,blitz,A40,Englund,58,1.0
black,673,755,-82,bullet,B10,Caro,115,0.0
black,665,673,-8,bullet,A00,Undefined,98,0.0
black,657,658,-1,bullet,C23,Bishops,116,0.0
white,665,654,11,bullet,D02,Queens,73,1.0
black,657,664,-7,bullet,B10,Caro,133,0.0
white,666,714,-48,bullet,D00,Queens,83,1.0
black,679,680,-1,blitz,B10,Caro,17,1.0
white,671,666,5,blitz,A40,Queens,58,0.0
black,663,692,-29,blitz,B13,Caro,99,0.0
black,873,511,362,rapid,B10,Caro,116,1.0
white,675,680,-5,bullet,B01,Scandinavian,90,1.0
black,667,700,-33,bullet,B10,Caro,33,0.0
black,865,877,-12,rapid,B12,Caro,108,0.0
white,857,889,-32,rapid,D02,Queens,196,0.0
white,849,880,-31,rapid,C40,Kings,164,0.0
black,659,680,-21,bullet,A00,Mieses,168,0.0
white,841,841,0,rapid,A45,Indian,133,0.0
black,655,680,-25,blitz,B10,Caro,101,0.0
black,833,854,-21,rapid,C25,Vienna,190,0.0
white,841,832,9,rapid,D00,Queens,94,1.0
white,849,814,35,rapid,C40,Kings,138,1.0
white,841,863,-22,rapid,C48,Four,91,0.0
black,841,831,10,rapid,B10,Caro,236,0.5
black,833,857,-24,rapid,A07,Kings,144,0.0
white,825,861,-36,rapid,C20,Bishops,81,0.0
black,817,848,-31,rapid,A01,Nimzowitsch,112,0.0
black,647,678,-31,blitz,B10,Caro,192,0.0
white,809,828,-19,rapid,C65,Ruy,180,0.0
black,817,804,13,rapid,D02,Queens,109,1.0
white,825,804,21,rapid,B23,Closed,151,1.0
black,833,805,28,rapid,B12,Caro,187,1.0
black,841,841,0,rapid,B10,Caro,48,1.0
white,849,831,18,rapid,A40,Englund,34,1.0
white,841,875,-34,rapid,D00,Queens,182,0.0
black,833,853,-20,rapid,C45,Scotch,241,0.0
black,825,834,-9,rapid,B10,Caro,174,0.0
white,833,827,6,rapid,C60,Ruy,33,1.0
black,825,849,-24,rapid,A00,Van,112,0.0
black,833,816,17,rapid,C20,Kings,114,1.0
white,841,826,15,rapid,C25,Vienna,60,1.0
black,833,849,-16,rapid,C42,Petrovs,40,0.0
white,841,740,101,rapid,C41,Philidor,55,1.0
white,833,857,-24,rapid,B07,Pirc,118,0.0
white,842,848,-6,rapid,B07,Pirc,72,1.0
black,850,782,68,rapid,B10,Caro,90,1.0
white,860,930,-70,rapid,C48,Four,115,1.0
black,650,655,-5,bullet,B10,Caro,156,0.0
white,658,649,9,bullet,C47,Four,63,1.0
black,664,543,121,bullet,C25,Vienna,57,1.0
white,656,689,-33,bullet,B01,Scandinavian,111,0.0
white,852,869,-17,rapid,C40,Kings,126,0.0
white,859,820,39,rapid,C42,Petrovs,215,1.0
black,867,859,8,rapid,B13,Caro,42,1.0
white,875,813,62,rapid,C34,Kings,75,1.0
black,875,862,13,rapid,D00,Queens,317,0.5
white,883,870,13,rapid,C50,Giuoco,124,1.0
black,874,869,5,rapid,C20,Kings,34,0.0
black,874,892,-18,rapid,C20,Kings,461,0.5
black,882,870,12,rapid,C20,Kings,159,1.0
white,890,835,55,rapid,B01,Scandinavian,49,1.0
black,882,947,-65,rapid,C20,Kings,134,0.0
white,890,842,48,rapid,C46,Three,22,1.0
white,882,894,-12,rapid,B00,Owens,180,0.0
black,874,892,-18,rapid,B10,Caro,115,0.0
black,866,886,-20,rapid,C45,Scotch,74,0.0
white,857,850,7,rapid,C46,Three,45,0.0
white,859,508,351,rapid,C47,Four,132,1.0
white,859,850,9,rapid,C55,Italian,246,0.5
black,851,879,-28,rapid,C24,Bishops,84,0.0
white,859,846,13,rapid,B21,Sicilian,48,1.0
black,851,857,-6,rapid,D13,Slav,133,0.0
white,859,831,28,rapid,C40,Kings,78,1.0
black,866,824,42,rapid,C45,Scotch,94,1.0
white,874,854,20,rapid,C46,Three,93,1.0
black,882,820,62,rapid,A00,Van,86,1.0
black,890,872,18,rapid,C42,Petrovs,81,1.0
white,898,879,19,rapid,C50,Giuoco,134,1.0
black,906,866,40,rapid,C50,Giuoco,96,1.0
white,640,683,-43,blitz,C47,Four,100,0.0
black,648,623,25,blitz,A00,Kings,125,1.0
white,641,716,-75,blitz,B01,Scandinavian,144,0.0
white,650,661,-11,blitz,B07,Pirc,136,1.0
black,657,615,42,blitz,D00,Queens,181,1.0
black,650,687,-37,blitz,C23,Bishops,161,0.0
white,658,614,44,blitz,C25,Vienna,149,1.0
black,914,909,5,rapid,A00,Undefined,91,1.0
white,922,912,10,rapid,A00,Undefined,6,1.0
white,914,981,-67,rapid,E90,Kings,132,0.0
white,906,995,-89,rapid,D31,Queens,167,0.0
black,898,913,-15,rapid,C55,Italian,98,0.0
white,890,891,-1,rapid,C20,Bishops,122,0.0
black,898,880,18,rapid,C20,Kings,103,1.0
black,650,667,-17,blitz,C45,Scotch,83,0.0
black,906,874,32,rapid,B00,Nimzowitsch,90,1.0
white,906,456,450,rapid,A45,Indian,132,1.0
white,906,473,433,rapid,E60,Kings,107,1.0
white,658,643,15,blitz,B06,Modern,126,1.0
black,898,894,4,rapid,C45,Scotch,84,0.0
white,906,904,2,rapid,B01,Scandinavian,218,1.0
white,898,931,-33,rapid,E61,Kings,99,0.0
black,890,903,-13,rapid,B00,Nimzowitsch,162,0.0
white,651,691,-40,blitz,D06,Queens,131,0.0
white,882,895,-13,rapid,B06,Modern,180,0.0
black,890,831,59,rapid,C25,Vienna,85,1.0
black,898,897,1,rapid,C45,Scotch,88,1.0
black,890,927,-37,rapid,C65,Ruy,153,0.0
white,882,893,-11,rapid,C34,Kings,234,0.0
white,874,900,-26,rapid,C21,Center,87,0.0
black,883,906,-23,rapid,C21,Center,243,1.0
white,890,853,37,rapid,C21,Center,198,1.0
black,898,877,21,rapid,A01,Nimzowitsch,117,1.0
white,890,922,-32,rapid,C48,Four,144,0.0
white,882,931,-49,rapid,C46,Three,169,0.0
black,874,909,-35,rapid,B10,Caro,58,0.0
white,882,873,9,rapid,B00,Nimzowitsch,145,1.0
black,874,881,-7,rapid,B11,Caro,62,0.0
black,882,848,34,rapid,A40,Queens,64,1.0
black,889,852,37,rapid,C21,Center,173,1.0
white,897,869,28,rapid,B00,Kings,240,1.0
white,659,640,19,blitz,C00,French,66,1.0
black,898,454,444,rapid,B10,Caro,85,1.0
black,659,402,257,blitz,C55,Italian,113,1.0
black,906,892,14,rapid,C20,Kings,128,1.0
white,651,670,-19,blitz,A40,Queens,122,0.0
black,643,654,-11,blitz,B15,Caro,156,0.0
white,651,646,5,blitz,C48,Four,106,1.0
white,899,963,-64,rapid,C50,Italian,120,0.0
black,907,890,17,rapid,A00,Mieses,104,1.0
black,899,916,-17,rapid,C25,Vienna,99,0.0
black,907,884,23,rapid,A45,Indian,86,1.0
white,899,916,-17,rapid,C48,Four,60,0.0
white,907,886,21,rapid,B02,Alekhines,168,1.0
white,915,891,24,rapid,B01,Scandinavian,63,1.0
black,907,936,-29,rapid,B01,Scandinavian,148,0.0
black,899,911,-12,rapid,C60,Ruy,193,0.0
black,891,898,-7,rapid,C60,Ruy,223,0.0
white,883,885,-2,rapid,B00,Owens,161,0.0
white,891,889,2,rapid,C25,Vienna,202,1.0
black,899,784,115,rapid,D00,Queens,81,1.0
black,891,905,-14,rapid,C57,Italian,86,0.0
white,899,872,27,rapid,C46,Three,203,1.0
black,907,815,92,rapid,D02,Queens,194,1.0
black,899,907,-8,rapid,C20,Kings,105,0.0
white,891,899,-8,rapid,C47,Four,186,0.0
black,899,866,33,rapid,D02,Queens,81,1.0
white,907,890,17,rapid,B30,Sicilian,80,1.0
white,643,669,-26,blitz,D00,Queens,118,0.0
black,647,627,20,bullet,D02,Queens,153,0.0
white,654,601,53,bullet,D00,Queens,107,1.0
white,662,625,37,bullet,C30,Kings,46,1.0
black,670,657,13,bullet,D02,Queens,65,1.0
black,662,660,2,bullet,C20,Kings,115,0.0
white,915,900,15,rapid,C00,French,220,1.0
black,923,896,27,rapid,B00,Nimzowitsch,73,1.0
white,634,627,7,blitz,B02,Alekhines,87,0.0
white,930,881,49,rapid,B00,Kings,62,1.0
black,670,652,18,bullet,A00,Van,141,1.0
white,938,917,21,rapid,C41,Philidor,44,1.0
black,946,938,8,rapid,D00,Queens,153,1.0
white,626,654,-28,blitz,C50,Giuoco,88,0.0
white,635,644,-9,blitz,C20,Kings,13,1.0
black,643,515,128,blitz,D00,Queens,90,1.0
black,634,627,7,blitz,B12,Caro,67,0.0
black,626,661,-35,blitz,D02,Queens,145,0.0
white,618,623,-5,blitz,B01,Scandinavian,94,0.0
white,662,694,-32,bullet,B01,Scandinavian,144,0.0
white,654,656,-2,bullet,C21,Center,91,0.0
black,662,664,-2,bullet,C46,Three,148,1.0
black,670,619,51,bullet,B01,Scandinavian,146,1.0
black,662,672,-10,bullet,C46,Three,39,0.0
white,938,934,4,rapid,C40,Kings,224,0.0
black,654,674,-20,bullet,B01,Scandinavian,106,0.0
black,645,635,10,bullet,B07,Pirc,146,0.0
white,946,911,35,rapid,B01,Scandinavian,98,1.0
white,954,934,20,rapid,B01,Scandinavian,24,1.0
black,946,968,-22,rapid,B00,Nimzowitsch,109,0.0
black,954,950,4,rapid,D00,Queens,123,1.0
white,653,643,10,bullet,C21,Center,115,1.0
black,610,638,-28,blitz,D02,Queens,164,0.0
white,646,696,-50,bullet,C20,Kings,63,0.0
white,654,631,23,bullet,B01,Scandinavian,39,1.0
white,646,694,-48,bullet,C00,French,175,0.0
black,654,569,85,bullet,B10,Caro,87,1.0
white,962,935,27,rapid,B00,Nimzowitsch,163,1.0
black,646,667,-21,bullet,D20,Queens,29,0.0
black,970,960,10,rapid,C20,Kings,183,1.0
white,978,947,31,rapid,B01,Scandinavian,37,1.0
white,978,483,495,rapid,C45,Scotch,66,1.0
black,978,975,3,rapid,C46,Three,188,0.5
white,986,939,47,rapid,C23,Bishops,77,1.0
black,994,856,138,rapid,D02,Queens,95,1.0
black,619,623,-4,blitz,C46,Three,133,1.0
white,1002,962,40,rapid,C50,Giuoco,157,1.0
black,637,612,25,bullet,C20,Kings,153,0.0
white,644,587,57,bullet,B00,Nimzowitsch,131,1.0
white,636,650,-14,bullet,D00,Queens,80,0.0
black,646,709,-63,bullet,C40,Kings,100,1.0
black,653,574,79,bullet,A06,Reti,99,1.0
white,660,619,41,bullet,B01,Scandinavian,146,1.0
white,668,665,3,bullet,C44,Kings,103,1.0
black,659,652,7,bullet,B27,Sicilian,181,0.0
white,651,660,-9,bullet,C46,Three,255,0.0
black,642,617,25,bullet,B01,Scandinavian,9,0.0
black,633,614,19,bullet,D02,Queens,107,0.0
white,626,680,-54,bullet,B21,Sicilian,91,0.0
black,617,672,-55,bullet,B01,Scandinavian,103,0.0
white,625,592,33,bullet,D00,Queens,166,1.0
white,634,480,154,bullet,C43,Petrovs,63,1.0
white,626,633,-7,bullet,C45,Scotch,149,0.0
black,635,554,81,bullet,A41,Queens,109,1.0
black,644,658,-14,bullet,C20,Kings,52,1.0
white,652,645,7,bullet,C20,Kings,63,1.0
black,628,636,-8,blitz,A00,Van,31,1.0
black,646,754,-108,bullet,A06,Reti,97,0.0
white,654,647,7,bullet,C20,Kings,106,1.0
black,620,636,-16,blitz,C45,Scotch,99,0.0
white,628,627,1,blitz,D20,Queens,20,1.0
white,636,615,21,blitz,B06,Modern,57,1.0
black,644,620,24,blitz,C20,Kings,103,1.0
white,652,647,5,blitz,C47,Four,142,1.0
black,643,615,28,blitz,C25,Vienna,100,0.0
white,646,683,-37,bullet,A53,Old,84,0.0
black,639,691,-52,bullet,D15,Slav,134,0.0
white,636,680,-44,blitz,C00,French,88,0.0
black,628,630,-2,blitz,D10,Slav,96,0.0
white,648,652,-4,bullet,B06,Modern,166,1.0
black,640,663,-23,bullet,C20,Kings,123,0.0
black,632,643,-11,bullet,C41,Philidor,105,0.0
white,620,660,-40,blitz,A45,Indian,64,0.0
white,612,649,-37,blitz,A00,Grob,65,0.0
black,1002,483,519,rapid,C57,Italian,53,0.0
white,1002,483,519,rapid,D00,Queens,105,1.0
white,625,695,-70,bullet,C30,Kings,52,0.0
black,993,1097,-104,rapid,C60,Ruy,98,0.0
black,985,982,3,rapid,A01,Nimzowitsch,149,0.0
white,617,644,-27,bullet,B01,Scandinavian,123,0.0
black,977,1007,-30,rapid,D02,Queens,64,0.0
white,985,951,34,rapid,A45,Indian,79,1.0
black,977,974,3,rapid,A01,Nimzowitsch,111,0.0
black,969,997,-28,rapid,A45,Indian,32,0.0
white,977,981,-4,rapid,B01,Scandinavian,115,1.0
white,969,1000,-31,rapid,B20,Sicilian,85,0.0
black,977,933,44,rapid,C55,Italian,73,1.0
white,969,996,-27,rapid,C30,Kings,133,0.0
black,961,962,-1,rapid,A00,Van,63,0.0
white,969,914,55,rapid,C21,Center,78,1.0
black,977,946,31,rapid,C46,Three,51,1.0
black,969,1005,-36,rapid,C44,Kings,119,0.0
white,977,961,16,rapid,C25,Vienna,110,1.0
black,612,402,210,blitz,B30,Sicilian,94,0.0
black,977,473,504,rapid,B10,Caro,207,1.0
white,985,868,117,rapid,C40,Kings,64,1.0
black,991,807,184,rapid,C20,Kings,50,1.0
white,996,768,228,rapid,C40,Kings,99,1.0
black,988,991,-3,rapid,C40,Kings,77,0.0
black,980,981,-1,rapid,C40,Kings,38,0.0
white,987,945,42,rapid,C25,Vienna,188,1.0
white,979,996,-17,rapid,B01,Scandinavian,46,0.0
black,971,988,-17,rapid,C24,Bishops,39,0.0
white,979,943,36,rapid,D00,Queens,198,1.0
white,609,626,-17,bullet,B07,Pirc,29,0.0
black,988,994,-6,rapid,B10,Caro,120,1.0
black,988,483,505,rapid,B10,Caro,98,0.0
black,996,974,22,rapid,B01,Scandinavian,156,1.0
black,1004,985,19,rapid,B15,Caro,209,1.0
white,1004,483,521,rapid,A41,Queens,71,1.0
white,1012,979,33,rapid,A04,Reti,8,1.0
black,1020,985,35,rapid,B01,Scandinavian,93,1.0
white,1028,995,33,rapid,C46,Three,131,1.0
white,1036,1020,16,rapid,A00,Undefined,6,1.0
black,1043,976,67,rapid,A00,Van,10,1.0
black,1035,1048,-13,rapid,B12,Caro,139,0.0
white,1027,1056,-29,rapid,C53,Giuoco,60,0.0
black,1018,1011,7,rapid,B10,Caro,175,0.0
white,1010,1034,-24,rapid,D20,Queens,115,0.0
black,1002,1016,-14,rapid,D11,Slav,41,0.0
white,994,1019,-25,rapid,C40,Kings,83,0.0
black,986,994,-8,rapid,B10,Caro,101,0.0
black,978,1013,-35,rapid,C40,Kings,183,0.0
white,986,963,23,rapid,C40,Kings,88,1.0
white,979,1019,-40,rapid,D20,Queens,118,0.0
black,971,1020,-49,rapid,D02,Queens,155,0.0
black,963,988,-25,rapid,C21,Center,153,0.0
white,971,908,63,rapid,C22,Center,99,1.0
black,963,981,-18,rapid,B10,Caro,167,0.0
black,971,943,28,rapid,C30,Kings,84,1.0
white,979,970,9,rapid,B07,Pirc,108,1.0
black,971,978,-7,rapid,B01,Scandinavian,123,0.0
white,979,948,31,rapid,C42,Petrovs,154,1.0
white,971,981,-10,rapid,C50,Italian,76,0.0
black,963,996,-33,rapid,B30,Sicilian,44,0.0
white,955,978,-23,rapid,B06,Modern,173,0.0
white,964,1010,-46,rapid,D00,Queens,121,1.0
white,964,517,447,rapid,D00,Richter,94,0.5
black,612,419,193,blitz,B10,Caro,119,0.0
black,601,614,-13,bullet,B10,Caro,51,0.0
white,972,940,32,rapid,B00,Kings,209,1.0
black,964,1098,-134,rapid,A01,Nimzowitsch,72,0.0
black,956,961,-5,rapid,D10,Slav,117,0.0
black,964,964,0,rapid,C61,Ruy,142,1.0
white,972,948,24,rapid,C21,Center,73,1.0
white,964,994,-30,rapid,B01,Scandinavian,184,0.0
white,956,988,-32,rapid,B22,Alapin,111,0.0
black,964,852,112,rapid,A27,English,241,1.0
white,972,942,30,rapid,D31,Queens,90,1.0
black,595,687,-92,bullet,B21,Sicilian,110,0.0
white,620,617,3,blitz,C47,Four,102,1.0
black,613,674,-61,blitz,B21,Sicilian,101,0.0
white,964,980,-16,rapid,B12,Caro,172,0.0
black,972,945,27,rapid,A21,English,62,1.0
white,964,965,-1,rapid,D00,Queens,171,0.0
white,972,949,23,rapid,C00,French,28,1.0
black,972,517,455,rapid,C57,Italian,78,1.0
black,613,435,178,blitz,C47,Four,80,1.0
black,979,930,49,rapid,B21,Sicilian,80,1.0
black,970,965,5,rapid,B30,Sicilian,62,0.0
white,978,906,72,rapid,C45,Scotch,83,1.0
white,985,948,37,rapid,B00,Owens,10,1.0
black,977,985,-8,rapid,B22,Alapin,140,0.0
black,969,1033,-64,rapid,D02,Queens,198,0.0
black,977,947,30,rapid,C47,Four,102,1.0
white,985,978,7,rapid,C60,Ruy,88,1.0
black,609,545,64,bullet,A00,Van,95,1.0
white,993,956,37,rapid,C40,Kings,35,1.0
white,984,978,6,rapid,B06,Modern,176,0.0
white,992,982,10,rapid,C64,Ruy,37,1.0
black,1000,975,25,rapid,C55,Italian,162,1.0
black,601,599,2,bullet,A00,Van,132,0.0
black,609,411,198,bullet,B01,Scandinavian,103,1.0
white,617,583,34,bullet,B00,Nimzowitsch,107,1.0
white,625,606,19,bullet,C23,Vienna,71,1.0
black,633,590,43,bullet,C46,Three,38,1.0
white,626,702,-76,bullet,C41,Philidor,110,0.0
black,634,610,24,bullet,C45,Scotch,80,1.0
black,1000,517,483,rapid,C40,Kings,185,1.0
black,613,443,170,blitz,B20,Sicilian,107,0.0
white,1000,517,483,rapid,B07,Pirc,136,1.0
white,992,1001,-9,rapid,C48,Four,203,0.0
black,1000,987,13,rapid,C21,Center,31,1.0
white,992,1007,-15,rapid,B06,Modern,62,0.0
black,1000,967,33,rapid,A00,Undefined,6,1.0
black,1008,995,13,rapid,A00,Clemenz,163,1.0
white,641,584,57,bullet,D00,Queens,115,1.0
white,633,648,-15,bullet,C47,Four,94,0.0
black,625,656,-31,bullet,D00,Queens,114,0.0
black,1015,979,36,rapid,A01,Nimzowitsch,93,1.0
white,617,613,4,bullet,B01,Scandinavian,146,0.0
white,624,574,50,bullet,C22,Center,112,1.0
white,1015,1025,-10,rapid,C00,French,170,0.5
black,1023,989,34,rapid,C50,Italian,185,1.0
white,617,661,-44,bullet,A40,Queens,112,0.0
black,609,645,-36,bullet,C20,Kings,53,0.0
black,601,631,-30,bullet,C25,Vienna,167,0.0
black,1031,1030,1,rapid,C24,Bishops,74,1.0
white,1039,910,129,rapid,C42,Petrovs,135,1.0
black,1047,1016,31,rapid,C50,Giuoco,148,1.0
white,1055,1025,30,rapid,C50,Italian,44,1.0
black,1055,509,546,rapid,C57,Italian,103,1.0
black,613,459,154,blitz,C50,Italian,182,0.0
white,1055,509,546,rapid,B07,Pirc,123,0.0
white,1055,509,546,rapid,A41,Queens,202,0.0
black,1046,1020,26,rapid,C44,Kings,143,0.0
black,1038,1074,-36,rapid,C44,Ponziani,125,0.0
black,621,598,23,blitz,A00,Mieses,163,1.0
white,1031,1070,-39,rapid,B07,Pirc,166,0.0
white,1023,1134,-111,rapid,C48,Four,67,0.0
white,1015,1023,-8,rapid,C45,Scotch,140,0.0
black,1007,1131,-124,rapid,C44,Kings,75,0.0
white,1015,993,22,rapid,B00,Nimzowitsch,170,1.0
black,593,598,-5,bullet,C46,Three,127,0.0
black,585,586,-1,bullet,C50,Italian,114,0.0
white,576,567,9,bullet,C50,Giuoco,31,0.0
black,569,645,-76,bullet,B07,Pirc,28,0.0
black,1007,1011,-4,rapid,A28,English,290,0.0
white,999,998,1,rapid,C40,Kings,65,0.0
white,991,1007,-16,rapid,B22,Alapin,59,0.0
black,999,996,3,rapid,C44,Ponziani,87,1.0
black,1007,968,39,rapid,B01,Scandinavian,133,1.0
white,1015,997,18,rapid,C23,Bishops,118,1.0
white,614,654,-40,blitz,C50,Italian,135,0.0
black,622,615,7,blitz,C54,Giuoco,82,1.0
white,629,576,53,blitz,C47,Four,156,1.0
white,637,607,30,blitz,C40,Kings,141,1.0
black,646,629,17,blitz,D02,Queens,66,1.0
white,654,617,37,blitz,C28,Bishops,191,1.0
black,662,657,5,blitz,D00,Queens,169,1.0
black,670,669,1,blitz,C65,Ruy,29,1.0
white,678,599,79,blitz,C00,French,89,1.0
black,687,691,-4,blitz,B00,Nimzowitsch,95,1.0
white,561,566,-5,bullet,B01,Scandinavian,106,0.0
white,569,545,24,bullet,C00,French,122,1.0
black,679,699,-20,blitz,B28,Sicilian,45,0.0
white,688,664,24,blitz,C70,Ruy,132,1.0
white,577,539,38,bullet,C00,French,187,1.0
black,586,600,-14,bullet,B10,Caro,114,1.0
black,576,506,70,bullet,A40,Queens,57,0.0
white,568,591,-23,bullet,A40,Englund,24,0.0
black,577,582,-5,bullet,C23,Bishops,78,1.0
black,585,557,28,bullet,E20,Nimzo,141,1.0
white,576,560,16,bullet,B00,Kings,119,0.0
black,696,687,9,blitz,A43,Old,103,1.0
white,704,686,18,blitz,C00,French,31,1.0
black,1023,535,488,rapid,B00,Nimzowitsch,108,0.0
white,1023,535,488,rapid,B07,Pirc,72,1.0
black,1023,535,488,rapid,C50,Giuoco,58,1.0
white,713,719,-6,blitz,C20,Bishops,129,1.0
black,704,678,26,blitz,B22,Alapin,151,0.0
white,584,557,27,bullet,C20,Kings,129,1.0
black,591,542,49,bullet,C20,Kings,184,1.0
black,583,597,-14,bullet,A00,Mieses,132,0.0
white,591,589,2,bullet,C00,French,156,1.0
black,583,595,-12,bullet,A00,Saragossa,125,0.0
white,1015,1049,-34,rapid,C25,Vienna,87,0.0
white,1023,1010,13,rapid,C24,Bishops,48,1.0
white,591,557,34,bullet,C28,Bishops,51,1.0
black,583,619,-36,bullet,B27,Sicilian,84,0.0
black,696,711,-15,blitz,B21,Sicilian,145,0.0
black,1023,535,488,rapid,C46,Three,163,0.0
white,1023,535,488,rapid,A41,Queens,92,1.0
white,1023,535,488,rapid,C50,Giuoco,60,1.0
black,575,598,-23,bullet,B10,Caro,140,0.0
white,583,554,29,bullet,B01,Scandinavian,97,1.0
white,1031,1005,26,rapid,B30,Sicilian,91,1.0
black,705,686,19,blitz,A40,Queens,143,1.0
white,697,729,-32,blitz,C25,Vienna,103,0.0
black,705,677,28,blitz,B21,Sicilian,119,1.0
white,713,703,10,blitz,D20,Queens,100,1.0
black,721,697,24,blitz,A40,Queens,137,1.0
white,1031,535,496,rapid,C26,Vienna,77,1.0
white,1023,1028,-5,rapid,C50,Italian,125,0.0
black,1015,1024,-9,rapid,C21,Center,69,0.0
white,1015,1010,5,rapid,C00,French,236,0.5
black,1023,996,27,rapid,C35,Kings,101,1.0
white,1030,989,41,rapid,B12,Caro,96,1.0
white,1038,1036,2,rapid,A45,Indian,29,1.0
black,1046,1015,31,rapid,B13,Caro,63,1.0
black,1053,1017,36,rapid,C21,Center,102,1.0
white,1060,1010,50,rapid,D08,Queens,114,1.0
black,1067,1003,64,rapid,C22,Center,60,1.0
black,1075,1076,-1,rapid,C20,Kings,73,1.0
white,1083,1068,15,rapid,C40,Kings,71,1.0
white,1091,1063,28,rapid,C00,French,100,1.0
black,1098,1056,42,rapid,C20,Kings,41,1.0
white,1105,1049,56,rapid,C00,French,65,1.0
black,713,719,-6,blitz,D00,Queens,148,0.0
white,722,729,-7,blitz,B01,Scandinavian,13,1.0
black,730,711,19,blitz,A00,Undefined,182,1.0
white,722,719,3,blitz,C42,Petrovs,136,0.0
black,730,693,37,blitz,A00,Van,87,1.0
white,738,715,23,blitz,C20,Kings,245,1.0
black,730,761,-31,blitz,D02,Queens,146,0.0
white,1115,1162,-47,rapid,D01,Richter,55,1.0
black,1107,1116,-9,rapid,D00,Queens,66,0.0
black,1099,1139,-40,rapid,C50,Giuoco,48,0.0
white,1107,1041,66,rapid,B10,Caro,66,1.0
black,1115,1115,0,rapid,B40,Sicilian,79,1.0
white,1123,1040,83,rapid,C42,Petrovs,71,1.0
white,738,740,-2,blitz,C23,Bishops,88,1.0
black,729,721,8,blitz,D00,Queens,116,0.0
white,737,713,24,blitz,B01,Scandinavian,187,1.0
black,1131,1126,5,rapid,C20,Kings,34,1.0
white,737,459,278,blitz,C43,Petrovs,22,1.0
white,1131,535,596,rapid,C65,Ruy,54,1.0
black,1131,535,596,rapid,C50,Giuoco,87,1.0
black,737,459,278,blitz,C45,Scotch,55,1.0
white,1139,1144,-5,rapid,C42,Petrovs,43,1.0
white,1146,1097,49,rapid,C41,Philidor,68,1.0
black,1155,1199,-44,rapid,D02,Queens,148,1.0
white,1164,1190,-26,rapid,C45,Scotch,91,1.0
black,745,708,37,blitz,D00,Queens,71,1.0
black,752,713,39,blitz,C42,Petrovs,193,1.0
black,745,796,-51,blitz,C50,Giuoco,155,0.0
white,738,796,-58,blitz,B07,Pirc,103,0.0
white,730,764,-34,blitz,C42,Petrovs,87,0.0
white,737,657,80,blitz,B01,Scandinavian,120,1.0
black,729,741,-12,blitz,C46,Three,38,0.0
black,721,734,-13,blitz,A40,Englund,51,0.0
black,721,459,262,blitz,B40,Sicilian,56,0.0
black,1164,535,629,rapid,C47,Four,91,0.5
black,713,767,-54,blitz,C45,Scotch,176,0.0
white,722,735,-13,blitz,B02,Alekhines,78,1.0
white,713,699,14,blitz,C50,Italian,44,0.0
black,705,707,-2,blitz,C45,Scotch,55,0.0
white,713,710,3,blitz,C47,Four,108,1.0
black,705,707,-2,blitz,C21,Center,155,0.0
white,1164,535,629,rapid,C45,Scotch,52,1.0
black,1164,535,629,rapid,C47,Four,106,1.0
white,1164,535,629,rapid,B07,Pirc,81,1.0
white,1164,1166,-2,rapid,B01,Scandinavian,204,0.5
black,1156,1156,0,rapid,C45,Scotch,133,0.0
white,1147,1121,26,rapid,C60,Ruy,128,0.0
black,1157,1206,-49,rapid,D00,Queens,43,1.0
black,1166,1188,-22,rapid,D00,Queens,75,1.0
black,1175,1187,-12,rapid,D02,Queens,44,1.0
white,1184,1189,-5,rapid,B30,Sicilian,87,1.0
black,1193,1219,-26,rapid,C23,Bishops,77,1.0
black,1193,535,658,rapid,C50,Giuoco,204,1.0
white,697,697,0,blitz,C50,Italian,91,0.0
black,689,705,-16,blitz,C45,Scotch,111,0.0
white,681,714,-33,blitz,B07,Pirc,234,0.0
black,1202,1213,-11,rapid,D00,Queens,65,1.0
white,689,665,24,blitz,C47,Four,89,1.0
black,680,662,18,blitz,B20,Sicilian,100,0.0
white,1195,1246,-51,rapid,C25,Vienna,119,0.0
white,673,735,-62,blitz,B10,Caro,55,0.0
black,674,695,-21,blitz,C23,Bishops,193,0.5
white,674,682,-8,blitz,B01,Scandinavian,217,0.5
white,1203,1206,-3,rapid,C41,Philidor,157,1.0
black,667,731,-64,blitz,C23,Bishops,25,0.0
black,674,636,38,blitz,C26,Vienna,142,1.0
white,666,703,-37,blitz,B00,Nimzowitsch,85,0.0
black,1203,526,677,rapid,C55,Italian,147,1.0
white,575,574,1,bullet,C22,Center,78,0.0
black,567,566,1,bullet,A04,Reti,87,0.0
white,1209,1106,103,rapid,B06,Modern,239,1.0
black,575,566,9,bullet,B01,Scandinavian,96,1.0
black,1209,526,683,rapid,B13,Caro,143,1.0
white,1216,1150,66,rapid,C25,Vienna,105,1.0
black,1209,1268,-59,rapid,C50,Giuoco,194,0.0
black,658,660,-2,blitz,C50,Giuoco,37,0.0
black,567,579,-12,bullet,A00,Van,84,0.0
white,1199,1164,35,rapid,C25,Vienna,98,0.0
white,1208,1248,-40,rapid,C50,Giuoco,100,1.0
white,1216,1203,13,rapid,D06,Queens,221,1.0
black,1223,1179,44,rapid,D07,Queens,109,1.0
black,1217,1302,-85,rapid,D06,Queens,91,0.0
white,575,442,133,bullet,B01,Scandinavian,100,1.0
black,568,612,-44,bullet,C20,Kings,92,0.0
black,675,683,-8,blitz,D02,Queens,84,1.0
white,682,635,47,blitz,C50,Giuoco,105,1.0
black,681,636,45,blitz,C65,Ruy,190,0.5
white,688,629,59,blitz,D20,Queens,57,1.0
black,577,593,-16,bullet,C25,Vienna,86,1.0
black,586,570,16,bullet,B21,Sicilian,151,1.0
white,577,552,25,bullet,C20,Kings,60,0.0
white,585,577,8,bullet,C02,French,110,1.0
black,579,660,-81,bullet,C20,Kings,151,0.0
white,587,473,114,bullet,C20,Kings,172,1.0
black,595,513,82,bullet,A06,Reti,106,1.0
white,603,600,3,bullet,B06,Modern,141,1.0
white,612,652,-40,bullet,C41,Philidor,108,1.0
white,620,504,116,bullet,C00,French,9,1.0
black,627,564,63,bullet,B01,Scandinavian,103,1.0
black,619,628,-9,bullet,C20,Kings,144,0.0
white,610,602,8,bullet,C55,Italian,130,0.0
black,600,531,69,bullet,B23,Closed,121,0.0
black,592,622,-30,bullet,C46,Three,112,0.0
white,585,629,-44,bullet,C60,Ruy,115,0.0
black,595,662,-67,bullet,D00,Queens,138,1.0
white,604,609,-5,bullet,C55,Italian,132,1.0
black,595,551,44,bullet,A45,Trompowsky,123,0.0
white,603,578,25,bullet,C10,French,98,1.0
white,611,579,32,bullet,C50,Italian,62,1.0
black,604,649,-45,bullet,D02,Queens,116,0.0
black,611,544,67,bullet,C58,Italian,116,1.0
white,1209,1238,-29,rapid,A00,Van,98,0.0
white,1209,526,683,rapid,A41,Queens,223,0.0
black,1209,526,683,rapid,C58,Italian,89,1.0
white,1209,526,683,rapid,C41,Philidor,80,1.0
black,1209,526,683,rapid,C48,Four,99,1.0
black,1209,526,683,rapid,A43,Old,65,1.0
black,603,605,-2,bullet,C20,Kings,95,0.0
white,596,671,-75,bullet,B06,Modern,57,0.0
black,589,628,-39,bullet,C50,Giuoco,103,0.0
white,581,597,-16,bullet,B02,Alekhines,130,0.0
black,589,577,12,bullet,B40,Sicilian,119,1.0
white,596,540,56,bullet,C23,Bishops,51,1.0
black,604,569,35,bullet,B01,Scandinavian,120,1.0
white,596,623,-27,bullet,B17,Caro,111,0.0
black,589,630,-41,bullet,C49,Four,126,0.0
white,582,637,-55,bullet,B10,Caro,135,0.0
white,590,591,-1,bullet,C21,Center,87,1.0
black,598,566,32,bullet,A00,Saragossa,61,1.0
white,605,514,91,bullet,C40,Kings,45,1.0
black,613,601,12,bullet,A00,Van,150,1.0
white,621,584,37,bullet,B50,Sicilian,107,1.0
black,629,602,27,bullet,C48,Four,199,1.0
white,621,625,-4,bullet,B01,Scandinavian,90,0.0
black,613,609,4,bullet,D00,Queens,121,0.0
white,606,667,-61,bullet,C48,Four,93,0.0
white,1220,1324,-104,rapid,C41,Philidor,81,1.0
black,1230,1314,-84,rapid,B20,Sicilian,59,1.0
black,1240,1318,-78,rapid,C23,Bishops,87,1.0
black,1246,1138,108,rapid,B40,Sicilian,82,1.0
white,1237,1196,41,rapid,B13,Caro,21,0.0
white,1244,1165,79,rapid,C41,Philidor,127,1.0
white,1244,526,718,rapid,D06,Queens,138,1.0
black,598,615,-17,bullet,C46,Three,99,0.0
white,680,677,3,blitz,C44,Kings,15,0.0
black,672,708,-36,blitz,D20,Queens,49,0.0
white,680,659,21,blitz,D00,Queens,171,1.0
white,1234,1158,76,rapid,B13,Caro,164,0.0
black,1226,1222,4,rapid,B10,Caro,76,0.0
black,1225,1180,45,rapid,C25,Vienna,143,0.5
black,688,655,33,blitz,C47,Four,91,1.0
white,1234,1255,-21,rapid,D20,Queens,87,1.0
white,1243,1250,-7,rapid,D06,Queens,68,1.0
black,1249,1165,84,rapid,D00,Queens,85,1.0
black,1248,1193,55,rapid,B10,Caro,73,0.5
white,1255,1175,80,rapid,C50,Giuoco,122,1.0
white,590,611,-21,bullet,D31,Queens,79,0.0
black,597,558,39,bullet,A00,Grob,99,1.0
black,590,636,-46,bullet,A00,Undefined,189,0.0
white,599,624,-25,bullet,B10,Caro,78,1.0
black,608,613,-5,bullet,A00,Undefined,107,1.0
white,617,632,-15,bullet,C22,Center,101,1.0
black,608,694,-86,bullet,C50,Giuoco,116,0.0
black,598,607,-9,bullet,C20,Kings,24,0.0
white,590,585,5,bullet,C11,French,65,0.0
white,598,601,-3,bullet,D00,Queens,71,1.0
white,605,547,58,bullet,B00,Nimzowitsch,33,1.0
black,614,585,29,bullet,C25,Vienna,32,1.0
white,621,566,55,bullet,D00,Queens,95,1.0
black,613,638,-25,bullet,C30,Kings,156,0.0
white,605,619,-14,bullet,B07,Pirc,120,0.0
black,596,597,-1,bullet,B40,Sicilian,100,0.0
white,604,562,42,bullet,A00,Van,91,1.0
black,612,601,11,bullet,C50,Giuoco,117,1.0
white,696,672,24,blitz,A82,Dutch,84,1.0
black,604,625,-21,bullet,D20,Queens,104,0.0
black,596,625,-29,bullet,C25,Vienna,123,0.0
white,1255,526,729,rapid,A41,Queens,243,1.0
white,604,595,9,bullet,C21,Center,114,1.0
white,596,697,-101,bullet,C25,Vienna,139,0.0
white,589,651,-62,bullet,B00,Owens,42,0.0
black,597,477,120,bullet,D02,Queens,78,1.0
black,605,593,12,bullet,C26,Vienna,106,1.0
white,598,636,-38,bullet,B01,Scandinavian,129,0.0
black,606,578,28,bullet,B00,Nimzowitsch,81,1.0
black,613,570,43,bullet,C20,Kings,156,1.0
white,1264,1310,-46,rapid,B20,Sicilian,38,1.0
black,1271,1224,47,rapid,C30,Kings,152,1.0
white,1262,1222,40,rapid,C47,Four,70,0.0
black,1268,1173,95,rapid,A00,Kings,77,1.0
white,1276,1269,7,rapid,C25,Vienna,65,1.0
black,1284,1276,8,rapid,C33,Kings,91,1.0
white,688,690,-2,blitz,C21,Center,188,0.0
white,680,681,-1,blitz,B07,Pirc,97,0.0
black,1275,1229,46,rapid,C50,Giuoco,142,0.0
white,1282,1246,36,rapid,B00,Nimzowitsch,162,1.0
black,1289,1219,70,rapid,C42,Petrovs,119,1.0
black,621,608,13,bullet,C47,Four,139,1.0
black,629,610,19,bullet,A00,Van,116,1.0
white,637,609,28,bullet,B15,Caro,95,1.0
white,1289,526,763,rapid,B07,Lion,180,0.0
black,1289,526,763,rapid,C65,Ruy,88,1.0
white,1289,526,763,rapid,B07,Pirc,92,1.0
black,1289,804,485,rapid,C30,Kings,40,1.0
white,1296,1253,43,rapid,B00,Owens,197,1.0
white,1307,1399,-92,rapid,B00,Owens,68,1.0
black,671,650,21,blitz,C65,Ruy,152,0.0
black,646,651,-5,bullet,C40,Kings,158,1.0
white,653,595,58,bullet,B00,Nimzowitsch,71,1.0
black,646,695,-49,bullet,A01,Nimzowitsch,104,0.0
white,1314,1274,40,rapid,C41,Philidor,126,1.0
white,1307,1344,-37,rapid,B07,Pirc,119,0.0
black,1314,1249,65,rapid,B10,Caro,107,1.0
black,637,617,20,bullet,C23,Bishops,171,0.0
white,644,585,59,bullet,B00,Nimzowitsch,136,1.0
black,635,603,32,bullet,A00,Van,122,0.0
white,628,670,-42,bullet,C20,Kings,214,0.0
white,620,624,-4,bullet,B00,Nimzowitsch,178,0.0
black,663,668,-5,blitz,D02,Queens,85,0.0
black,656,708,-52,blitz,A00,Saragossa,97,0.0
white,649,700,-51,blitz,C21,Center,53,0.0
white,627,572,55,bullet,B00,Nimzowitsch,146,1.0
black,1306,1304,2,rapid,C62,Ruy,127,0.0
white,1297,1281,16,rapid,C41,Philidor,183,0.0
black,1305,1273,32,rapid,D04,Colle,68,1.0
black,1312,1269,43,rapid,B40,Sicilian,196,1.0
white,635,604,31,bullet,B07,Pirc,125,1.0
black,643,453,190,bullet,B13,Caro,130,1.0
white,635,656,-21,bullet,A00,Mieses,207,0.0
white,627,691,-64,bullet,A00,Van,52,0.0
black,641,666,-25,blitz,C23,Bishops,77,0.0
white,648,580,68,blitz,B06,Modern,87,1.0
black,1303,1255,48,rapid,C48,Four,52,0.0
black,1311,1141,170,rapid,C58,Italian,230,1.0
white,1301,1247,54,rapid,D20,Queens,117,0.0
black,1308,1240,68,rapid,C44,Kings,157,1.0
white,1314,1234,80,rapid,C45,Scotch,83,1.0
black,1320,1228,92,rapid,C44,Kings,89,1.0
white,1326,1222,104,rapid,C46,Three,38,1.0
black,1332,1216,116,rapid,C47,Four,125,1.0
black,1332,526,806,rapid,B01,Scandinavian,123,0.5
white,1332,526,806,rapid,C62,Ruy,117,1.0
black,1332,526,806,rapid,C50,Giuoco,113,0.0
black,1337,1120,217,rapid,C46,Three,49,1.0
white,1348,1451,-103,rapid,C45,Scotch,105,1.0
black,1355,1290,65,rapid,A00,Clemenz,13,1.0
black,1363,1224,139,rapid,A00,Undefined,76,1.0
black,1363,526,837,rapid,C42,Petrovs,115,1.0
white,1372,1391,-19,rapid,B00,Nimzowitsch,17,1.0
white,1366,1451,-85,rapid,C47,Four,125,0.0
black,1356,1317,39,rapid,D06,Queens,70,0.0
white,1349,1413,-64,rapid,C22,Center,69,0.0
black,656,626,30,blitz,D02,Queens,92,1.0
white,663,619,44,blitz,B00,Nimzowitsch,94,1.0
black,670,612,58,blitz,D04,Colle,149,1.0
white,679,685,-6,blitz,B01,Scandinavian,189,1.0
white,1349,526,823,rapid,D00,Queens,114,1.0
black,620,676,-56,bullet,C28,Bishops,33,0.0
white,628,622,6,bullet,D00,Queens,156,1.0
black,686,624,62,blitz,A00,Van,143,1.0
white,1350,1330,20,rapid,C45,Scotch,59,0.0
white,1342,1488,-146,rapid,C47,Four,73,0.0
black,1334,1364,-30,rapid,C46,Three,113,0.0
white,1340,1247,93,rapid,C20,Kings,96,1.0
black,1331,1300,31,rapid,C20,Kings,188,0.0
white,1340,1379,-39,rapid,C40,Kings,108,1.0
black,1350,1425,-75,rapid,C53,Giuoco,80,1.0
white,1342,1369,-27,rapid,C22,Center,92,0.0
black,1348,1257,91,rapid,C50,Giuoco,118,1.0
white,1339,1333,6,rapid,D00,Queens,93,0.0
white,621,659,-38,bullet,C62,Ruy,106,0.0
black,629,622,7,bullet,A00,Kings,77,1.0
white,637,602,35,bullet,C10,French,119,1.0
black,643,532,111,bullet,A01,Nimzowitsch,85,1.0
black,635,688,-53,bullet,A00,Van,146,0.0
white,1348,1386,-38,rapid,C45,Scotch,66,1.0
black,1339,1291,48,rapid,A00,Van,160,0.0
black,1333,1433,-100,rapid,C20,Kings,134,0.0
black,1325,1336,-11,rapid,B00,Nimzowitsch,117,0.0
white,1315,1241,74,rapid,C00,French,179,0.0
white,1321,1222,99,rapid,C41,Philidor,67,1.0
white,1327,1220,107,rapid,B07,Pirc,83,1.0
white,1335,1325,10,rapid,C45,Scotch,60,1.0
black,1343,1320,23,rapid,C20,Kings,71,1.0
black,1351,1328,23,rapid,C50,Giuoco,112,1.0
black,1361,1426,-65,rapid,B10,Caro,70,1.0
white,1367,1276,91,rapid,C50,Italian,46,1.0
black,1359,1379,-20,rapid,C50,Giuoco,194,0.0
white,1364,1230,134,rapid,C46,Three,105,1.0
white,1370,1276,94,rapid,C00,French,130,1.0
white,1376,1284,92,rapid,D06,Queens,143,1.0
black,694,674,20,blitz,A00,Anderssen,108,1.0
black,1370,1477,-107,rapid,C58,Italian,187,0.0
white,1362,1377,-15,rapid,B00,Owens,146,0.0
black,1370,1363,7,rapid,D02,Queens,153,1.0
white,1378,1382,-4,rapid,C45,Scotch,234,1.0
black,701,643,58,blitz,A00,Polish,127,1.0
white,1378,526,852,rapid,C45,Scotch,92,1.0
white,709,708,1,blitz,B00,Nimzowitsch,80,1.0
white,701,720,-19,blitz,C42,Petrovs,171,0.0
black,643,615,28,bullet,A06,Reti,117,1.0
black,708,659,49,blitz,C50,Giuoco,138,1.0
black,1384,1279,105,rapid,D00,Queens,195,1.0
black,1384,526,858,rapid,C50,Giuoco,118,1.0
white,635,647,-12,bullet,C41,Philidor,17,0.0
white,1374,1321,53,rapid,C41,Philidor,118,0.0
black,1364,1309,55,rapid,C45,Scotch,107,0.0
white,1370,1280,90,rapid,C41,Philidor,85,1.0
black,1377,1338,39,rapid,B07,Pirc,193,1.0
black,1383,1229,154,rapid,D01,Richter,137,1.0
white,1393,1448,-55,rapid,C50,Italian,88,1.0
black,1386,1458,-72,rapid,B07,Pirc,52,0.0
black,1379,1437,-58,rapid,D20,Queens,133,0.0
white,1387,1273,114,rapid,D20,Queens,120,1.0
white,1380,1444,-64,rapid,A80,Dutch,253,0.0
white,1388,1226,162,rapid,C42,Petrovs,61,1.0
black,1393,1238,155,rapid,B10,Caro,81,1.0
white,1401,1376,25,rapid,D06,Queens,103,1.0
black,700,735,-35,blitz,C20,Kings,209,0.0
black,708,695,13,blitz,C20,Kings,156,1.0
black,1401,526,875,rapid,C40,Kings,58,0.0
white,1401,526,875,rapid,D06,Queens,59,1.0
black,1401,526,875,rapid,B30,Sicilian,72,1.0
white,701,739,-38,blitz,B00,Owens,166,0.0
white,694,733,-39,blitz,D20,Queens,130,0.0
white,702,671,31,blitz,C41,Philidor,95,1.0
black,710,627,83,blitz,C50,Giuoco,110,1.0
black,702,735,-33,blitz,B10,Caro,109,0.0
white,1407,1313,94,rapid,C00,French,134,1.0
black,1399,1403,-4,rapid,C47,Four,105,0.0
black,1408,1302,106,rapid,C21,Center,183,1.0
white,1400,1395,5,rapid,D06,Queens,85,0.0
black,1409,1416,-7,rapid,D00,Queens,81,1.0
white,1401,1407,-6,rapid,B23,Closed,50,0.0
white,1393,1422,-29,rapid,B01,Scandinavian,133,0.0
white,1399,1293,106,rapid,D20,Queens,72,1.0
black,1389,1303,86,rapid,C50,Giuoco,120,0.0
white,1395,1297,98,rapid,C22,Center,163,1.0
black,1385,1316,69,rapid,C44,Ponziani,78,0.0
white,1393,1365,28,rapid,C41,Philidor,223,1.0
black,1384,1351,33,rapid,C68,Ruy,101,0.0
white,1390,1291,99,rapid,C41,Philidor,273,1.0
black,1396,1285,111,rapid,C55,Scotch,60,1.0
white,1402,1279,123,rapid,D30,Queens,196,1.0
black,1407,1274,133,rapid,B10,Caro,67,1.0
white,1412,1269,143,rapid,D31,Queens,115,1.0
black,1417,1264,153,rapid,C20,Kings,134,1.0
white,1422,1259,163,rapid,C50,Italian,78,1.0
black,1414,1440,-26,rapid,C50,Giuoco,96,0.0
black,1412,1340,72,rapid,A00,Van,276,0.5
black,628,704,-76,bullet,D02,Queens,130,0.0
white,620,645,-25,bullet,C50,Giuoco,188,0.0
black,611,606,5,bullet,C44,Kings,108,0.0
white,620,619,1,bullet,C21,Center,106,1.0
white,628,534,94,bullet,C40,Kings,75,1.0
black,636,604,32,bullet,B10,Caro,78,1.0
black,644,627,17,bullet,B10,Caro,116,1.0
black,652,601,51,bullet,B10,Caro,102,1.0
white,1400,1243,157,rapid,B40,Sicilian,150,0.0
white,659,599,60,bullet,B01,Scandinavian,59,1.0
black,1410,1441,-31,rapid,D00,Queens,157,1.0
white,1420,1476,-56,rapid,C46,Three,111,1.0
black,1426,1343,83,rapid,A25,English,108,1.0
white,1432,1337,95,rapid,B15,Caro,94,1.0
black,1432,526,906,rapid,B01,Scandinavian,110,1.0
white,1439,1395,44,rapid,C16,French,115,1.0
black,1446,1387,59,rapid,A20,English,108,1.0
white,1454,1438,16,rapid,C45,Scotch,123,1.0
white,1454,526,928,rapid,D02,Queens,135,1.0
white,651,648,3,bullet,B15,Caro,177,0.0
black,659,530,129,bullet,C48,Four,86,1.0
white,652,701,-49,bullet,C50,Giuoco,76,0.0
black,645,716,-71,bullet,C48,Four,68,0.0
black,653,644,9,bullet,C44,Kings,164,1.0
black,646,702,-56,bullet,C57,Italian,167,0.0
white,639,697,-58,bullet,B01,Scandinavian,132,0.0
white,710,705,5,blitz,D08,Queens,59,1.0
black,1465,1580,-115,rapid,D06,Queens,97,1.0
white,1476,1569,-93,rapid,B01,Scandinavian,129,1.0
white,1483,1416,67,rapid,B07,Pirc,94,1.0
black,1493,1554,-61,rapid,A45,Indian,120,1.0
white,1501,1483,18,rapid,D37,Queens,96,1.0
white,1507,1414,93,rapid,C02,French,96,1.0
black,1515,1465,50,rapid,A06,Reti,128,1.0
black,1523,1495,28,rapid,A01,Nimzowitsch,201,1.0
white,1513,1435,78,rapid,B01,Scandinavian,242,0.0
white,1521,1512,9,rapid,B12,Caro,170,1.0
white,702,703,-1,blitz,C40,Kings,140,0.0
black,632,687,-55,bullet,A20,English,79,0.0
black,641,630,11,bullet,C45,Scotch,121,1.0
black,635,724,-89,bullet,D04,Colle,185,0.0
white,628,699,-71,bullet,B10,Caro,122,0.0
black,619,606,13,bullet,B10,Caro,123,0.0
white,611,639,-28,bullet,A40,Queens,46,0.0
black,603,610,-7,bullet,C55,Italian,133,0.0
white,595,618,-23,bullet,C47,Four,47,0.0
white,587,611,-24,bullet,B10,Caro,92,0.0
black,579,608,-29,bullet,D20,Queens,20,0.0
white,571,646,-75,bullet,B10,Caro,123,0.0
black,580,593,-13,bullet,C46,Three,139,1.0
black,1512,1503,9,rapid,D00,Queens,149,0.0
white,1501,1388,113,rapid,A48,Torre,159,0.0
white,1511,1368,143,rapid,D00,Queens,142,1.0
black,1511,567,944,rapid,B12,Caro,104,0.0
black,702,585,117,blitz,C50,Italian,42,0.0
white,702,585,117,blitz,B12,Caro,60,0.0
black,702,585,117,blitz,C45,Scotch,64,0.0
white,702,585,117,blitz,A00,Undefined,40,0.0
black,694,738,-44,blitz,C50,Giuoco,50,0.0
white,1504,1736,-232,rapid,C28,Bishops,157,0.0
black,1498,1603,-105,rapid,C58,Italian,156,0.0
black,703,712,-9,blitz,A80,Dutch,97,1.0
white,1489,1471,18,rapid,D06,Queens,114,0.0
black,1483,1585,-102,rapid,C58,Italian,52,0.0
white,1490,1360,130,rapid,B40,Sicilian,67,1.0
white,1497,1416,81,rapid,C47,Four,122,1.0
black,1505,1490,15,rapid,B01,Scandinavian,75,1.0
white,1513,1480,33,rapid,C45,Scotch,66,1.0
white,1521,1507,14,rapid,D20,Queens,93,1.0
black,1528,1451,77,rapid,D10,Slav,131,1.0
white,1528,473,1055,rapid,B07,Pirc,44,1.0
black,1528,473,1055,rapid,C50,Giuoco,68,1.0
white,1528,473,1055,rapid,C10,French,110,1.0
black,1518,1441,77,rapid,D00,Queens,63,0.0
black,1508,1453,55,rapid,C45,Scotch,185,0.0
white,1502,1587,-85,rapid,B10,Caro,147,0.0
black,588,561,27,bullet,C47,Four,112,1.0
black,580,609,-29,bullet,A00,Kings,120,0.0
white,573,613,-40,bullet,C00,French,164,0.0
white,1493,1471,22,rapid,C25,Vienna,192,0.0
black,1486,1559,-73,rapid,C50,Giuoco,106,0.0
white,1478,1503,-25,rapid,C50,Giuoco,80,0.0
black,1468,1401,67,rapid,A01,Nimzowitsch,124,0.0
white,581,574,7,bullet,C50,Giuoco,107,1.0
white,590,596,-6,bullet,C43,Petrovs,109,1.0
black,598,567,31,bullet,C47,Four,120,1.0
white,606,592,14,bullet,C50,Giuoco,101,1.0
black,614,559,55,bullet,C55,Italian,131,1.0
white,1475,1419,56,rapid,C50,Giuoco,238,1.0
white,1486,1603,-117,rapid,B12,Caro,92,1.0
black,1492,1403,89,rapid,C35,Kings,118,1.0
black,1502,1566,-64,rapid,C78,Ruy,171,1.0
black,1502,608,894,rapid,B12,Caro,115,1.0
white,1502,608,894,rapid,D02,Queens,69,1.0
black,1502,608,894,rapid,B33,Sicilian,113,1.0
black,1493,1458,35,rapid,C70,Ruy,262,0.0
white,1499,1395,104,rapid,C46,Three,148,1.0
black,1508,1514,-6,rapid,C55,Italian,178,1.0
white,1517,1522,-5,rapid,B01,Scandinavian,91,1.0
white,1525,1514,11,rapid,B01,Scandinavian,51,1.0
black,695,724,-29,blitz,A00,Undefined,87,0.0
black,687,719,-32,blitz,A41,Queens,60,0.0
white,1525,1517,8,rapid,C41,Philidor,133,0.5
white,1531,1452,79,rapid,C41,Philidor,88,1.0
black,623,629,-6,bullet,C50,Italian,193,1.0
black,631,545,86,bullet,C77,Ruy,69,1.0
white,639,628,11,bullet,B10,Caro,154,1.0
black,647,632,15,bullet,A40,Queens,59,1.0
white,639,671,-32,bullet,C25,Vienna,30,0.0
black,648,662,-14,bullet,C20,Kings,93,1.0
white,656,654,2,bullet,C50,Giuoco,155,1.0
black,1521,1462,59,rapid,B28,Sicilian,311,0.0
white,1514,1567,-53,rapid,A40,Englund,67,0.0
white,1506,1540,-34,rapid,C42,Petrovs,61,0.0
black,1497,1488,9,rapid,A20,English,59,0.0
white,1507,1365,142,rapid,B23,Closed,46,1.0
black,1499,1495,4,rapid,D02,London,137,0.0
black,695,698,-3,blitz,C68,Ruy,127,1.0
white,688,750,-62,blitz,C45,Scotch,129,0.0
black,680,681,-1,blitz,C20,Kings,23,0.0
white,688,673,15,blitz,C25,Vienna,185,1.0
white,1506,1438,68,rapid,C48,Four,107,1.0
black,1512,1432,80,rapid,C50,Giuoco,59,1.0
white,1518,1426,92,rapid,A45,Indian,96,1.0
black,1524,1420,104,rapid,C55,Italian,115,1.0
white,1530,1414,116,rapid,C50,Giuoco,85,1.0
white,647,628,19,bullet,C47,Four,141,0.0
black,639,680,-41,bullet,B00,Nimzowitsch,146,0.0
black,1521,1506,15,rapid,D04,Colle,108,0.0
black,1514,1611,-97,rapid,C34,Kings,177,0.0
white,1522,1512,10,rapid,B12,Caro,204,1.0
black,1530,1504,26,rapid,D00,Queens,73,1.0
white,1537,1497,40,rapid,B12,Caro,59,1.0
white,1529,1532,-3,rapid,C41,Philidor,52,0.0
black,1538,1536,2,rapid,C45,Scotch,175,1.0
white,680,693,-13,blitz,D00,Queens,172,0.0
white,687,634,53,blitz,C40,Kings,35,1.0
black,688,709,-21,blitz,B10,Caro,109,0.5
black,688,691,-3,blitz,C47,Four,181,0.5
black,696,625,71,blitz,C50,Giuoco,141,1.0
white,688,712,-24,blitz,C00,French,40,0.0
white,696,663,33,blitz,B01,Scandinavian,59,1.0
black,703,627,76,blitz,B10,Caro,88,1.0
black,1548,1619,-71,rapid,C45,Scotch,97,1.0
white,1553,1410,143,rapid,B04,Alekhines,127,1.0
black,1559,1460,99,rapid,C00,French,174,1.0
black,1569,1635,-66,rapid,D00,Queens,183,1.0
white,1576,1533,43,rapid,B12,Caro,148,1.0
white,695,726,-31,blitz,C22,Center,182,0.0
black,703,683,20,blitz,D06,Queens,137,1.0
white,711,600,111,blitz,D06,Queens,143,1.0
black,719,723,-4,blitz,B30,Sicilian,83,1.0
white,711,736,-25,blitz,C28,Bishops,111,0.0
white,711,717,-6,blitz,B00,Owens,244,0.0
black,718,677,41,blitz,B45,Sicilian,96,1.0
black,710,738,-28,blitz,D02,Queens,183,0.0
white,647,634,13,bullet,C47,Four,98,1.0
white,655,526,129,bullet,B01,Scandinavian,107,1.0
black,646,622,24,bullet,B13,Caro,123,0.0
white,654,641,13,bullet,B10,Caro,106,1.0
white,646,653,-7,bullet,B00,Owens,120,0.0
black,638,639,-1,bullet,C48,Four,102,0.0
black,629,601,28,bullet,B10,Caro,129,0.0
white,717,676,41,blitz,A00,Van,76,1.0
black,637,626,11,bullet,B30,Sicilian,105,1.0
white,1584,1577,7,rapid,B00,Nimzowitsch,128,1.0
black,1575,1562,13,rapid,D06,Queens,256,0.0
black,1582,1543,39,rapid,D02,Queens,140,1.0
white,726,747,-21,blitz,B00,Nimzowitsch,110,1.0
white,645,626,19,bullet,D00,Queens,57,1.0
black,719,794,-75,blitz,A20,English,74,0.0
white,637,648,-11,bullet,C25,Vienna,111,0.0
black,1590,1416,174,rapid,A00,Grob,28,1.0
white,1595,1348,247,rapid,A40,Queens,23,1.0
black,1587,1622,-35,rapid,D00,Queens,247,0.0
black,1580,1647,-67,rapid,C45,Scotch,345,0.0
white,1590,1637,-47,rapid,B01,Scandinavian,77,1.0
black,1599,1628,-29,rapid,C45,Scotch,81,1.0
white,727,711,16,blitz,B32,Sicilian,180,1.0
black,1599,617,982,rapid,C58,Italian,194,0.0
black,629,657,-28,bullet,C45,Scotch,114,0.0
white,637,565,72,bullet,C02,French,166,1.0
black,645,628,17,bullet,A00,Undefined,153,1.0
black,1606,1538,68,rapid,C50,Giuoco,126,1.0
white,637,662,-25,bullet,B10,Caro,10,0.0
white,629,644,-15,bullet,C25,Vienna,115,0.0
black,621,649,-28,bullet,C47,Four,90,0.0
black,630,650,-20,bullet,C25,Vienna,163,1.0
white,638,603,35,bullet,C40,Kings,150,1.0
white,1596,1523,73,rapid,C45,Scotch,122,0.0
black,630,641,-11,bullet,C20,Kings,115,0.0
white,623,694,-71,bullet,C00,French,155,0.0
white,631,617,14,bullet,B01,Scandinavian,115,1.0
black,622,614,8,bullet,B12,Caro,114,0.0
white,614,622,-8,bullet,C50,Giuoco,73,0.0
black,622,614,8,bullet,A43,Old,116,1.0
white,614,622,-8,bullet,C46,Three,118,0.0
black,622,614,8,bullet,A43,Old,130,1.0
white,614,622,-8,bullet,A40,Englund,128,0.0
black,622,614,8,bullet,A46,Indian,114,1.0
white,630,606,24,bullet,C47,Four,85,1.0
black,1603,1558,45,rapid,A00,Van,137,1.0
white,1610,1551,59,rapid,D20,Queens,44,1.0
white,1616,1513,103,rapid,B02,Alekhines,118,1.0
black,735,716,19,blitz,A00,Van,102,1.0
black,743,747,-4,blitz,A80,Dutch,109,1.0
black,735,761,-26,blitz,A45,Indian,219,0.0
white,1607,1582,25,rapid,B00,Nimzowitsch,166,0.0
black,1617,1689,-72,rapid,A30,English,10,1.0
black,1607,1555,52,rapid,B21,Sicilian,52,0.0
white,1614,1551,63,rapid,C00,French,121,1.0
black,638,612,26,bullet,A43,Old,87,1.0
white,744,750,-6,blitz,B01,Scandinavian,151,1.0
white,736,773,-37,blitz,D07,Queens,110,0.0
black,728,752,-24,blitz,B28,Sicilian,282,0.0
white,721,761,-40,blitz,C46,Three,181,0.0
black,714,769,-55,blitz,C42,Petrovs,230,0.0
white,707,777,-70,blitz,C50,Italian,52,0.0
black,715,712,3,blitz,C68,Ruy,119,1.0
white,723,724,-1,blitz,B06,Modern,110,1.0
white,731,695,36,blitz,C40,Kings,81,1.0
white,723,737,-14,blitz,C20,Kings,133,0.0
black,731,732,-1,blitz,A00,Saragossa,204,1.0
black,1618,1435,183,rapid,C45,Scotch,45,1.0
white,723,752,-29,blitz,B20,Sicilian,45,0.0
black,715,730,-15,blitz,C20,Kings,44,0.0
black,724,742,-18,blitz,A04,Reti,108,1.0
white,646,611,35,bullet,B00,Kings,131,1.0
white,654,653,1,bullet,B01,Scandinavian,86,1.0
white,647,704,-57,bullet,D02,Queens,111,0.0
black,639,645,-6,bullet,C64,Ruy,124,0.0
white,647,633,14,bullet,C40,Kings,98,1.0
black,1612,1692,-80,rapid,B40,Sicilian,175,0.0
white,1622,1682,-60,rapid,B23,Closed,91,1.0
black,639,757,-118,bullet,B07,Pirc,92,0.0
black,1612,1561,51,rapid,A06,Reti,204,0.0
white,1619,1554,65,rapid,C43,Petrovs,104,1.0
black,1626,1547,79,rapid,A05,Reti,158,1.0
white,1632,1541,91,rapid,C25,Vienna,75,1.0
white,1638,1535,103,rapid,D30,Queens,100,1.0
black,1638,608,1030,rapid,B40,Sicilian,95,1.0
black,630,682,-52,bullet,C47,Four,95,0.0
black,638,594,44,bullet,B10,Caro,145,1.0
white,629,601,28,bullet,A40,Englund,105,0.0
black,636,548,88,bullet,A06,Reti,130,1.0
white,644,640,4,bullet,C10,French,77,1.0
black,636,669,-33,bullet,C53,Giuoco,136,0.0
white,629,671,-42,bullet,D00,Queens,120,0.0
black,638,643,-5,bullet,B10,Caro,153,1.0
white,646,647,-1,bullet,A03,Birds,138,1.0
black,653,573,80,bullet,B01,Scandinavian,90,1.0
black,646,704,-58,bullet,B10,Caro,98,0.0
white,654,642,12,bullet,B02,Alekhines,110,1.0
black,661,620,41,bullet,B40,Sicilian,87,1.0
black,653,671,-18,bullet,A00,Van,127,0.0
white,661,663,-2,bullet,C00,French,173,1.0
white,669,665,4,bullet,C50,Giuoco,95,1.0
black,677,640,37,bullet,B22,Alapin,135,1.0
white,669,669,0,bullet,B01,Scandinavian,113,0.0
black,662,709,-47,bullet,C00,French,129,0.0
black,654,653,1,bullet,D02,Queens,116,0.0
black,662,645,17,bullet,A00,Undefined,6,1.0
white,1639,1200,439,rapid,B01,Scandinavian,91,1.0
black,1624,1215,409,rapid,D02,Queens,26,0.0
white,1624,1217,407,rapid,B01,Scandinavian,134,0.0
white,654,678,-24,bullet,B07,Pirc,112,0.0
black,647,692,-45,bullet,C47,Four,152,0.0
white,655,640,15,bullet,C46,Three,177,1.0
white,663,634,29,bullet,A02,Birds,132,1.0
black,655,676,-21,bullet,C57,Italian,78,0.0
black,663,633,30,bullet,B00,Nimzowitsch,117,1.0
white,671,651,20,bullet,C42,Petrovs,94,1.0
black,680,700,-20,bullet,A35,English,134,1.0
white,1617,1224,393,rapid,B01,Scandinavian,68,0.5
black,1619,1222,397,rapid,D04,Colle,139,1.0
white,1620,1221,399,rapid,D20,Queens,95,1.0
white,1605,1236,369,rapid,D00,Queens,114,0.0
white,732,700,32,blitz,C47,Four,184,1.0
white,1607,1234,373,rapid,B01,Scandinavian,127,1.0
white,1609,1232,377,rapid,B00,Kings,7,1.0
black,741,768,-27,blitz,C20,Kings,116,1.0
white,672,690,-18,bullet,B11,Caro,127,0.0
white,1611,1273,338,rapid,B01,Scandinavian,86,1.0
white,1597,1287,310,rapid,D02,Queens,121,0.0
black,1599,1285,314,rapid,D02,Queens,69,1.0
white,749,745,4,blitz,C47,Four,37,1.0
black,1605,1511,94,rapid,C45,Scotch,154,1.0
black,1611,1516,95,rapid,B40,Sicilian,134,1.0
white,1619,1612,7,rapid,B00,Owens,103,1.0
black,1627,1604,23,rapid,C77,Ruy,96,1.0
white,664,696,-32,bullet,A00,Van,64,0.0
black,656,664,-8,bullet,A00,Van,93,0.0
white,648,669,-21,bullet,B01,Scandinavian,75,0.0
black,757,585,172,blitz,C68,Ruy,65,1.0
white,641,688,-47,bullet,C10,French,93,0.0
white,1619,1619,0,rapid,B21,Sicilian,112,0.0
black,1627,1611,16,rapid,B10,Caro,102,1.0
black,649,620,29,bullet,D00,Queens,55,1.0
black,1613,1327,286,rapid,D04,Colle,90,0.0
black,1600,1340,260,rapid,D01,Richter,92,0.0
white,1592,1604,-12,rapid,C25,Vienna,142,0.0
black,1592,1573,19,rapid,C46,Three,141,0.5
white,1584,1593,-9,rapid,C00,French,72,0.0
white,1575,1544,31,rapid,C47,Four,58,0.0
black,1567,1563,4,rapid,D20,Queens,112,0.0
black,1559,1589,-30,rapid,B22,Alapin,94,0.0
white,641,653,-12,bullet,B00,Kings,144,0.0
black,633,632,1,bullet,C20,Kings,70,0.0
white,765,743,22,blitz,C26,Vienna,62,1.0
white,641,632,9,bullet,C25,Vienna,42,1.0
black,649,615,34,bullet,D00,Queens,89,1.0
white,641,677,-36,bullet,C44,Kings,121,0.0
black,634,684,-50,bullet,D00,Queens,135,0.0
white,643,675,-32,bullet,B07,Pirc,119,1.0
black,652,666,-14,bullet,A40,Englund,104,1.0
black,1567,1552,15,rapid,D02,Queens,81,1.0
white,1574,1504,70,rapid,D20,Queens,211,1.0
white,644,680,-36,bullet,C28,Bishops,120,0.0
black,636,656,-20,bullet,C20,Kings,125,0.0
black,757,770,-13,blitz,D00,Queens,56,0.0
black,749,759,-10,blitz,A00,Kings,90,0.0
white,741,744,-3,blitz,B00,Nimzowitsch,202,0.0
white,1574,750,824,rapid,C48,Four,189,1.0
white,1566,1584,-18,rapid,B01,Scandinavian,78,0.0
white,628,660,-32,bullet,C28,Bishops,94,0.0
black,636,635,1,bullet,B00,Nimzowitsch,124,1.0
white,644,617,27,bullet,C00,French,146,1.0
black,651,607,44,bullet,C47,Four,95,1.0
white,659,638,21,bullet,C46,Three,153,1.0
black,750,755,-5,blitz,C20,Kings,128,1.0
white,1565,1502,63,rapid,C40,Kings,264,0.5
black,1555,1480,75,rapid,C45,Scotch,78,0.0
white,1561,1472,89,rapid,D30,Queens,67,1.0
white,1552,1545,7,rapid,B40,Sicilian,72,0.0
black,666,627,39,bullet,B00,Nimzowitsch,144,1.0
white,758,732,26,blitz,C47,Four,125,1.0
black,766,740,26,blitz,C20,Bishops,111,1.0
black,759,796,-37,blitz,C50,Giuoco,45,0.0
white,767,771,-4,blitz,A43,Old,39,1.0
white,775,769,6,blitz,D35,Queens,134,1.0
black,658,679,-21,bullet,D04,Colle,88,0.0
black,649,639,10,bullet,C23,Bishops,117,0.0
white,657,633,24,bullet,C10,French,155,1.0
white,665,660,5,bullet,C00,French,129,1.0
black,657,678,-21,bullet,A05,Reti,125,0.0
white,767,793,-26,blitz,C25,Vienna,186,0.0
white,774,736,38,blitz,A43,Old,163,1.0
black,766,780,-14,blitz,D02,Queens,107,0.0
black,758,761,-3,blitz,D30,Queens,74,0.0
black,750,760,-10,blitz,C45,Scotch,111,0.0
white,749,728,21,blitz,C02,French,132,0.5
black,665,649,16,bullet,A00,Saragossa,77,1.0
white,657,690,-33,bullet,B10,Caro,129,0.0
black,666,681,-15,bullet,B01,Scandinavian,101,1.0
white,741,760,-19,blitz,C00,French,172,0.0
white,734,772,-38,blitz,B00,Nimzowitsch,121,0.0
black,1552,1544,8,rapid,C78,Ruy,172,0.5
white,1542,1480,62,rapid,C50,Giuoco,196,0.0
black,1535,1587,-52,rapid,C44,Ponziani,135,0.0
black,1527,1542,-15,rapid,A22,English,107,0.0
white,726,740,-14,blitz,C25,Vienna,185,0.0
white,657,616,41,bullet,C50,Giuoco,69,0.0
black,665,652,13,bullet,A00,Van,102,1.0
black,665,660,5,bullet,C45,Scotch,138,0.0
white,718,733,-15,blitz,D02,Queens,47,0.0
white,726,731,-5,blitz,B50,Sicilian,142,1.0
black,1519,1533,-14,rapid,B29,Sicilian,71,0.0
white,1527,1525,2,rapid,C46,Three,128,1.0
black,1535,1517,18,rapid,B40,Sicilian,142,1.0
white,1527,1564,-37,rapid,B00,Nimzowitsch,158,0.0
white,1519,1526,-7,rapid,B00,Kings,93,0.0
black,1510,1501,9,rapid,C44,Ponziani,179,0.0
black,1501,1488,13,rapid,C45,Scotch,31,0.0
white,718,762,-44,blitz,C47,Four,124,0.0
white,710,737,-27,blitz,B10,Caro,44,0.0
black,657,678,-21,bullet,B00,Nimzowitsch,98,0.0
black,1508,1456,52,rapid,A22,English,114,1.0
white,1508,1497,11,rapid,C41,Philidor,247,0.5
black,1509,1594,-85,rapid,C44,Kings,142,0.0
black,1501,1524,-23,rapid,B20,Sicilian,72,0.0
white,1494,1547,-53,rapid,C45,Scotch,104,0.0
white,1502,1482,20,rapid,C47,Four,69,1.0
black,1495,1544,-49,rapid,A00,Van,178,0.0
black,702,718,-16,blitz,D00,Queens,45,0.0
black,694,697,-3,blitz,C23,Bishops,221,0.0
white,702,671,31,blitz,B01,Scandinavian,115,1.0
black,649,660,-11,bullet,D04,Colle,113,0.0
white,1488,1528,-40,rapid,B12,Caro,153,0.0
white,1479,1452,27,rapid,C40,Kings,47,0.0
white,1471,1507,-36,rapid,C00,French,91,0.0
black,1480,1498,-18,rapid,C20,Kings,85,1.0
white,1488,1475,13,rapid,C45,Scotch,157,1.0
black,642,700,-58,bullet,D02,Queens,113,0.0
white,1478,1399,79,rapid,C47,Four,104,0.0
black,1484,1393,91,rapid,B40,Sicilian,200,1.0
white,694,714,-20,blitz,C25,Vienna,21,0.0
white,702,693,9,blitz,C42,Petrovs,108,1.0
black,710,676,34,blitz,C50,Giuoco,99,1.0
black,718,696,22,blitz,C00,French,122,1.0
white,710,738,-28,blitz,B06,Modern,150,0.0
black,1475,1439,36,rapid,A00,Van,109,0.0
black,1007,100,907,daily,C46,Three,60,1.0
black,1246,1279,-33,daily,B23,Closed,99,1.0
black,702,719,-17,blitz,C45,Scotch,182,0.0
white,1353,1268,85,daily,C50,Italian,170,1.0
white,635,674,-39,bullet,B23,Closed,143,0.0
white,710,673,37,blitz,B01,Scandinavian,48,1.0
black,701,695,6,blitz,D06,Queens,45,0.0
black,1353,400,953,daily,A00,Undefined,6,1.0
white,1353,400,953,daily,B00,Kings,8,1.0
black,1475,608,867,rapid,C45,Scotch,103,1.0
black,693,698,-5,blitz,D02,London,160,0.0
white,685,686,-1,blitz,B01,Scandinavian,59,0.0
white,1484,1508,-24,rapid,B18,Caro,83,1.0
black,1468,1517,-49,daily,C50,Giuoco,90,1.0
black,1475,1450,25,rapid,C50,Giuoco,232,0.0
black,1482,1433,49,rapid,C20,Kings,26,1.0
white,1475,1533,-58,rapid,D00,Queens,75,0.0
white,1483,1458,25,rapid,C41,Philidor,71,1.0
black,627,623,4,bullet,C20,Kings,192,0.0
white,635,626,9,bullet,B01,Scandinavian,129,1.0
black,627,622,5,bullet,C65,Ruy,64,0.0
black,619,628,-9,bullet,C20,Kings,76,0.0
white,611,636,-25,bullet,C25,Vienna,117,0.0
black,604,643,-39,bullet,C20,Kings,115,0.0
white,597,650,-53,bullet,A40,Queens,148,0.0
white,693,687,6,blitz,B00,Nimzowitsch,42,1.0
black,692,671,21,blitz,B30,Sicilian,17,0.5
black,684,686,-2,blitz,B40,Sicilian,212,0.0
white,692,663,29,blitz,B20,Sicilian,137,1.0
black,684,728,-44,blitz,B20,Sicilian,60,0.0
white,1492,1499,-7,rapid,D00,Queens,118,1.0
white,676,701,-25,blitz,C00,French,205,0.0
black,1468,400,1068,daily,A00,Undefined,6,1.0
white,1468,400,1068,daily,B00,Kings,8,1.0
black,1499,1463,36,rapid,C53,Giuoco,140,1.0
white,1507,1503,4,rapid,D00,Queens,110,1.0
black,683,646,37,blitz,C50,Giuoco,130,1.0
white,1468,100,1368,daily,C45,Scotch,34,1.0
white,1542,1517,25,daily,A46,Indian,173,1.0
white,675,682,-7,blitz,B12,Caro,136,0.0
black,1514,1453,61,rapid,B30,Sicilian,105,1.0
white,1522,1486,36,rapid,A40,Modern,132,1.0
black,667,691,-24,blitz,C30,Kings,98,0.0
black,1530,1526,4,rapid,A22,English,163,1.0
white,1538,1522,16,rapid,B08,Pirc,168,1.0
white,675,649,26,blitz,C11,French,43,1.0
black,666,660,6,blitz,A00,Undefined,93,0.0
black,659,698,-39,blitz,D02,Queens,76,0.0
white,589,612,-23,bullet,B01,Scandinavian,134,0.0
black,596,559,37,bullet,A43,Old,122,1.0
white,605,629,-24,bullet,D00,Queens,140,1.0
white,598,635,-37,bullet,B01,Scandinavian,76,0.0
black,590,610,-20,bullet,B00,Nimzowitsch,70,0.0
white,1548,1023,525,daily,C42,Petrovs,85,1.0
black,1552,964,588,daily,D15,Slav,86,1.0
white,1530,1558,-28,rapid,A45,Indian,117,0.0
black,1539,1549,-10,rapid,A06,Reti,53,1.0
black,598,592,6,bullet,C50,Giuoco,92,1.0
white,606,599,7,bullet,A40,Englund,28,1.0
black,598,622,-24,bullet,C57,Italian,176,0.0
white,590,624,-34,bullet,C50,Giuoco,154,0.0
black,1530,1508,22,rapid,D53,Queens,130,0.0
white,1559,987,572,daily,B00,Owens,91,1.0
black,1559,987,572,daily,B00,Kings,8,0.0
white,598,599,-1,bullet,C42,Petrovs,99,1.0
black,606,604,2,bullet,C45,Scotch,135,1.0
white,614,598,16,bullet,C41,Philidor,32,1.0
black,606,621,-15,bullet,A01,Nimzowitsch,79,0.0
black,599,658,-59,bullet,B00,Nimzowitsch,85,0.0
white,1523,1587,-64,rapid,D02,London,149,0.0
white,651,668,-17,blitz,B00,Owens,177,0.0
white,591,602,-11,bullet,C42,Petrovs,159,0.0
black,599,594,5,bullet,C64,Ruy,206,1.0
white,591,602,-11,bullet,D02,Queens,183,0.0
black,1514,1507,7,rapid,B20,Sicilian,113,0.0
black,1505,1468,37,rapid,B40,Sicilian,113,0.0
white,643,647,-4,blitz,B07,Pirc,35,0.0
white,583,590,-7,bullet,C47,Four,126,0.0
black,1497,1519,-22,rapid,B30,Sicilian,70,0.0
black,1503,1349,154,rapid,C46,Three,117,1.0
white,1511,1508,3,rapid,C10,French,179,1.0
black,575,603,-28,bullet,B00,Nimzowitsch,58,0.0
black,1502,1474,28,rapid,C50,Giuoco,73,0.0
white,1509,1467,42,rapid,A40,Englund,102,1.0
black,1516,1460,56,rapid,B40,Sicilian,79,1.0
white,566,562,4,bullet,B01,Scandinavian,146,0.0
white,634,627,7,blitz,C41,Philidor,85,0.0
black,1524,1503,21,rapid,C20,Kings,189,1.0
white,1516,1549,-33,rapid,B07,Pirc,63,0.0
white,635,670,-35,blitz,B12,Caro,223,0.0
white,643,633,10,blitz,C00,French,129,1.0
black,651,616,35,blitz,B20,Sicilian,138,1.0
black,659,642,17,blitz,C00,French,40,1.0
white,659,656,3,blitz,B40,Sicilian,229,0.5
black,558,555,3,bullet,A00,Van,113,0.0
white,550,565,-15,bullet,A02,Birds,10,0.0
black,542,553,-11,bullet,A00,Undefined,6,0.0
black,533,515,18,bullet,A00,Undefined,6,0.0
white,525,534,-9,bullet,A00,Grob,100,0.0
white,651,711,-60,blitz,A00,Undefined,6,0.0
black,651,609,42,blitz,B23,Closed,86,1.0
white,1522,1424,98,rapid,C50,Giuoco,106,1.0
black,642,634,8,blitz,B40,Sicilian,129,0.0
black,651,655,-4,blitz,C20,Kings,145,1.0
white,659,664,-5,blitz,D20,Queens,15,1.0
black,651,738,-87,blitz,A43,Old,98,0.0
white,1527,1356,171,rapid,B01,Scandinavian,158,1.0
white,659,636,23,blitz,B33,Sicilian,79,1.0
black,667,638,29,blitz,D02,Queens,159,1.0
black,1532,1386,146,rapid,B40,Sicilian,100,1.0
white,1540,1524,16,rapid,C41,Philidor,195,1.0
black,1530,1461,69,rapid,D02,Queens,28,0.0
white,1530,606,924,rapid,D02,Queens,143,1.0
black,518,567,-49,bullet,C42,Petrovs,112,0.0
white,510,527,-17,bullet,B01,Scandinavian,64,0.0
black,1523,1569,-46,rapid,C55,Italian,165,0.0
black,1515,1532,-17,rapid,D06,Queens,178,0.0
white,1506,1476,30,rapid,C45,Scotch,83,0.0
white,1498,1524,-26,rapid,B12,Caro,44,0.0
white,1490,1521,-31,rapid,D02,Queens,70,0.0
black,502,530,-28,bullet,C20,Kings,98,0.0
black,674,636,38,blitz,A30,English,99,1.0
white,666,665,1,blitz,B12,Caro,79,0.0
white,1497,1434,63,rapid,B23,Closed,11,1.0
black,1489,1512,-23,rapid,C50,Giuoco,154,0.0
black,1497,1492,5,rapid,B40,Sicilian,137,1.0
white,1488,1441,47,rapid,C42,Petrovs,94,0.0
white,510,495,15,bullet,C00,French,145,1.0
black,503,562,-59,bullet,A00,Van,95,0.0
black,1479,1466,13,rapid,C20,Kings,127,0.0
white,1487,1458,29,rapid,D02,Queens,75,1.0
black,1494,1451,43,rapid,B20,Sicilian,26,1.0
white,1501,1444,57,rapid,A00,Van,58,1.0
black,511,475,36,bullet,B40,Sicilian,123,1.0
black,519,492,27,bullet,A00,Van,109,1.0
white,527,523,4,bullet,C62,Ruy,64,1.0
white,519,536,-17,bullet,C50,Giuoco,102,0.0
white,512,548,-36,bullet,B01,Scandinavian,167,0.0
black,520,511,9,bullet,B29,Sicilian,150,1.0
black,512,536,-24,bullet,A00,Kings,166,0.0
white,520,487,33,bullet,C28,Bishops,128,1.0
black,512,513,-1,bullet,A00,Undefined,126,0.0
white,520,488,32,bullet,B07,Pirc,123,1.0
black,528,497,31,bullet,A04,Reti,100,1.0
white,658,682,-24,blitz,C00,French,150,0.0
black,650,672,-22,blitz,A00,Clemenz,35,0.0
black,642,679,-37,blitz,B21,Sicilian,32,0.0
white,1492,1465,27,rapid,C22,Center,98,0.0
white,1499,1439,60,rapid,A46,Indian,225,1.0
black,1492,1548,-56,rapid,A00,Kings,175,0.0
white,1501,1539,-38,rapid,B06,Modern,116,1.0
black,1510,1530,-20,rapid,A00,Kings,126,1.0
white,1503,1539,-36,rapid,B21,Sicilian,110,0.0
black,535,493,42,bullet,C44,Kings,95,1.0
white,1495,1499,-4,rapid,A80,Dutch,218,0.0
black,1486,1454,32,rapid,B40,Sicilian,131,0.0
white,1493,1447,46,rapid,C42,Petrovs,84,1.0
black,1500,1440,60,rapid,B40,Sicilian,119,1.0
black,1493,1551,-58,rapid,C47,Four,41,0.0
white,1484,1451,33,rapid,D02,Queens,62,0.0
white,1491,1444,47,rapid,B10,Caro,82,1.0
black,1484,1528,-44,rapid,C00,French,131,0.0
white,1492,1475,17,rapid,C45,Scotch,126,1.0
black,1484,1486,-2,rapid,C80,Ruy,111,0.0
white,1476,1471,5,rapid,C27,Vienna,160,0.0
black,527,539,-12,bullet,C20,Kings,118,0.0
white,535,531,4,bullet,C41,Philidor,110,1.0
white,650,637,13,blitz,C33,Kings,162,1.0
black,1467,1436,31,rapid,C30,Kings,158,0.0
white,1474,1429,45,rapid,A43,Old,109,1.0
black,1466,1466,0,rapid,A07,Kings,134,0.0
black,1459,1526,-67,rapid,C55,Italian,72,0.0
white,1451,1455,-4,rapid,D02,Queens,78,0.0
black,1459,1447,12,rapid,E21,Nimzo,140,1.0
white,527,530,-3,bullet,C47,Four,148,0.0
white,535,493,42,bullet,A40,Englund,87,1.0
black,527,550,-23,bullet,A41,Queens,178,0.0
black,535,539,-4,bullet,C00,French,140,1.0
white,543,529,14,bullet,B01,Scandinavian,78,1.0
white,550,511,39,bullet,D02,Queens,136,1.0
black,558,531,27,bullet,D07,Queens,132,1.0
white,550,547,3,bullet,B00,Owens,123,0.0
black,542,549,-7,bullet,B40,Sicilian,129,0.0
black,550,519,31,bullet,B40,Sicilian,95,1.0
black,541,536,5,bullet,B20,Sicilian,88,0.0
white,1449,1388,61,rapid,C40,Kings,131,0.0
black,533,541,-8,bullet,C50,Giuoco,100,0.0
white,525,547,-22,bullet,C47,Four,143,0.0
white,516,508,8,bullet,C46,Three,77,0.0
white,524,508,16,bullet,D02,Queens,124,1.0
black,516,549,-33,bullet,C50,Giuoco,127,0.0
black,508,530,-22,bullet,C50,Giuoco,91,0.0
black,516,491,25,bullet,A00,Van,114,1.0
white,1456,1379,77,rapid,B01,Scandinavian,173,1.0
white,523,486,37,bullet,C00,French,130,1.0
white,515,550,-35,bullet,C25,Vienna,101,0.0
black,524,531,-7,bullet,D00,Queens,84,1.0
black,516,533,-17,bullet,A40,Englund,155,0.0
white,508,532,-24,bullet,B10,Caro,111,0.0
white,516,507,9,bullet,B00,Kings,162,1.0
black,508,568,-60,bullet,D06,Queens,150,0.0
white,517,528,-11,bullet,B01,Scandinavian,184,1.0
black,658,623,35,blitz,C49,Four,87,1.0
black,525,516,9,bullet,A00,Kings,152,1.0
black,534,538,-4,bullet,C20,Kings,35,1.0
white,526,561,-35,bullet,C42,Petrovs,109,0.0
black,519,568,-49,bullet,C50,Giuoco,133,0.0
white,511,543,-32,bullet,C48,Four,97,0.0
black,519,515,4,bullet,C48,Four,93,1.0
white,512,551,-39,bullet,C20,Kings,104,0.0
black,1452,1294,158,rapid,D00,Queens,218,0.5
white,511,534,-23,bullet,C42,Petrovs,107,0.0
white,1460,1457,3,rapid,B21,Sicilian,167,1.0
white,650,675,-25,blitz,D00,Queens,108,0.0
black,642,672,-30,blitz,C45,Scotch,105,0.0
black,650,649,1,blitz,B00,Nimzowitsch,149,1.0
white,1457,1315,142,rapid,C47,Four,249,0.5
black,658,653,5,blitz,C50,Giuoco,171,1.0
black,1464,1427,37,rapid,A45,Indian,217,1.0
white,1472,1457,15,rapid,C41,Philidor,78,1.0
white,1481,1499,-18,rapid,D07,Queens,100,1.0
black,503,520,-17,bullet,C65,Ruy,76,0.0
black,495,531,-36,bullet,B01,Scandinavian,41,0.0
black,486,480,6,bullet,D02,London,116,0.0
white,493,457,36,bullet,A04,Reti,112,1.0
white,485,498,-13,bullet,C20,Kings,85,0.0
black,493,492,1,bullet,A00,Grob,100,1.0
white,666,670,-4,blitz,C47,Four,104,1.0
white,501,500,1,bullet,C25,Vienna,67,1.0
black,509,485,24,bullet,B07,Pirc,99,1.0
white,673,636,37,blitz,C25,Vienna,123,1.0
black,517,483,34,bullet,B01,Scandinavian,108,1.0
white,525,498,27,bullet,C45,Scotch,134,1.0
black,533,495,38,bullet,B14,Caro,93,1.0
black,525,524,1,bullet,B40,Sicilian,78,0.0
white,681,673,8,blitz,C55,Italian,102,1.0
black,533,510,23,bullet,C20,Kings,103,1.0
black,689,690,-1,blitz,A43,Old,110,1.0
white,681,731,-50,blitz,C02,French,38,0.0
white,690,696,-6,blitz,D02,Queens,131,1.0
white,698,672,26,blitz,D02,Queens,145,1.0
black,1472,1452,20,rapid,C50,Giuoco,126,0.0
white,1479,1431,48,rapid,D00,Queens,52,1.0
black,1486,1439,47,rapid,C57,Italian,144,1.0
black,1588,1381,207,daily,B22,Alapin,120,1.0
white,1611,1377,234,daily,B12,Caro,127,1.0
white,1496,1546,-50,rapid,B30,Sicilian,285,1.0
white,541,508,33,bullet,C50,Giuoco,91,1.0
black,534,573,-39,bullet,D02,Queens,142,0.0
black,526,550,-24,bullet,D02,London,106,0.0
black,533,497,36,bullet,B00,Nimzowitsch,162,1.0
white,541,528,13,bullet,B23,Closed,112,1.0
black,533,536,-3,bullet,B29,Sicilian,131,0.0
white,541,528,13,bullet,B23,Closed,140,1.0
white,1496,1484,12,rapid,B23,Closed,224,0.5
black,1504,1476,28,rapid,C00,French,88,1.0
black,549,547,2,bullet,C50,Giuoco,100,1.0
black,541,547,-6,bullet,B23,Closed,141,0.0
white,549,539,10,bullet,C25,Vienna,139,1.0
white,557,551,6,bullet,A04,Reti,178,1.0
white,690,727,-37,blitz,A43,Old,83,0.0
black,698,674,24,blitz,A43,Old,61,1.0
black,690,721,-31,blitz,A45,Indian,154,0.0
white,699,692,7,blitz,A40,Englund,234,1.0
black,1495,1487,8,rapid,D00,Queens,93,0.0
white,691,691,0,blitz,A45,Indian,148,0.0
black,557,585,-28,bullet,D02,Queens,81,0.0
black,549,566,-17,bullet,C25,Vienna,51,0.0
white,557,520,37,bullet,C55,Italian,39,1.0
white,565,566,-1,bullet,C25,Vienna,100,1.0
white,573,542,31,bullet,D00,Queens,77,1.0
black,581,567,14,bullet,B20,Sicilian,132,1.0
white,589,554,35,bullet,C23,Bishops,103,1.0
black,581,598,-17,bullet,C23,Vienna,79,0.0
white,573,603,-30,bullet,B20,Sicilian,149,0.0
white,565,583,-18,bullet,A41,Queens,125,0.0
black,573,563,10,bullet,A00,Kings,113,1.0
black,1502,1445,57,rapid,C58,Italian,61,1.0
white,1511,1537,-26,rapid,A45,Indian,207,1.0
black,565,592,-27,bullet,C45,Scotch,136,0.0
black,572,512,60,bullet,C57,Italian,147,1.0
white,580,570,10,bullet,A48,Indian,117,1.0
white,589,593,-4,bullet,A41,Queens,154,1.0
black,598,603,-5,bullet,D00,Queens,105,1.0
white,606,581,25,bullet,D02,Queens,81,1.0
black,699,685,14,blitz,C21,Danish,110,1.0
white,707,701,6,blitz,C50,Giuoco,173,1.0
black,598,606,-8,bullet,B40,Sicilian,105,0.0
black,606,601,5,bullet,D04,Colle,67,1.0
black,598,619,-21,bullet,D07,Queens,123,0.0
white,606,608,-2,bullet,D02,Queens,129,1.0
black,606,604,2,bullet,C50,Giuoco,144,0.0
black,598,615,-17,bullet,D00,Queens,173,0.0
white,590,623,-33,bullet,A00,Van,116,0.0
black,598,580,18,bullet,A43,Old,113,1.0
black,606,593,13,bullet,B29,Sicilian,89,1.0
white,598,598,0,bullet,A40,Queens,173,0.0
black,590,606,-16,bullet,C65,Ruy,192,0.0
white,599,604,-5,bullet,A45,Indian,92,1.0
white,591,597,-6,bullet,A40,Queens,61,0.0
black,583,605,-22,bullet,A04,Reti,137,0.0
white,575,609,-34,bullet,D02,Queens,91,0.0
black,584,600,-16,bullet,C43,Petrovs,116,1.0
white,576,609,-33,bullet,D00,Queens,221,0.0
black,568,601,-33,bullet,D00,Queens,117,0.0
white,559,534,25,bullet,A40,Queens,80,0.0
white,567,548,19,bullet,D00,Queens,136,1.0
white,559,564,-5,bullet,D02,Queens,150,0.0
black,553,644,-91,bullet,D02,Queens,96,0.0
black,715,704,11,blitz,D00,Queens,135,1.0
black,561,558,3,bullet,B20,Sicilian,115,1.0
white,569,485,84,bullet,A40,Queens,114,1.0
black,707,710,-3,blitz,C48,Four,117,0.0
black,699,725,-26,blitz,D02,London,149,0.0
white,707,681,26,blitz,B08,Pirc,260,1.0
white,715,684,31,blitz,C50,Giuoco,145,1.0
black,577,581,-4,bullet,C45,Scotch,64,1.0
black,585,550,35,bullet,C00,French,107,1.0
white,577,585,-8,bullet,D00,Queens,131,0.0
black,585,577,8,bullet,B21,Sicilian,115,1.0
black,577,594,-17,bullet,C50,Giuoco,163,0.0
black,1626,1318,308,daily,B01,Scandinavian,121,1.0
white,569,586,-17,bullet,A40,Englund,130,0.0
white,561,573,-12,bullet,D02,Queens,124,0.0
white,569,550,19,bullet,D20,Queens,78,1.0
black,561,561,0,bullet,D00,Queens,140,0.0
white,569,553,16,bullet,D02,Queens,118,1.0
black,1503,1537,-34,rapid,A50,Indian,209,0.0
white,1512,1528,-16,rapid,B14,Caro,138,1.0
white,707,725,-18,blitz,E00,Indian,205,0.0
black,577,544,33,bullet,C46,Three,79,1.0
black,569,573,-4,bullet,D00,Queens,134,0.0
white,577,564,13,bullet,D10,Slav,94,1.0
black,569,578,-9,bullet,C45,Scotch,220,0.0
black,1520,1512,8,rapid,C50,Giuoco,159,1.0
white,561,559,2,bullet,D02,Queens,112,0.0
black,569,524,45,bullet,C47,Four,84,1.0
white,577,554,23,bullet,A40,Queens,171,1.0
black,585,557,28,bullet,C50,Giuoco,101,1.0
black,577,602,-25,bullet,A00,Van,71,0.0
white,569,592,-23,bullet,A40,Modern,120,0.0
white,577,568,9,bullet,D02,Queens,127,1.0
black,569,586,-17,bullet,C46,Three,49,0.0
black,577,582,-5,bullet,B00,Nimzowitsch,102,1.0
white,585,586,-1,bullet,D02,Queens,177,1.0
black,575,505,70,bullet,B00,Nimzowitsch,93,0.0
white,586,698,-112,bullet,A40,Englund,56,1.0
white,592,486,106,bullet,D02,Queens,102,1.0
black,584,609,-25,bullet,D00,Queens,111,0.0
white,593,600,-7,bullet,A34,English,71,1.0
black,601,590,11,bullet,C20,Kings,145,1.0
black,609,588,21,bullet,C40,Kings,122,1.0
white,617,606,11,bullet,A40,Englund,133,1.0
white,623,501,122,bullet,D10,Slav,108,1.0
black,616,689,-73,bullet,D00,Queens,100,0.0
white,621,490,131,bullet,A46,Indian,106,1.0
black,715,688,27,blitz,D00,Queens,187,1.0
white,1639,1329,310,daily,D02,Queens,171,1.0
white,629,609,20,bullet,D07,Queens,90,1.0
white,637,616,21,bullet,D07,Queens,171,1.0
white,1528,1490,38,rapid,D00,Queens,138,1.0
black,645,627,18,bullet,C42,Petrovs,114,1.0
black,637,672,-35,bullet,C20,Kings,168,0.0
white,646,663,-17,bullet,D30,Queens,172,1.0
black,638,658,-20,bullet,A03,Birds,110,0.0
white,646,650,-4,bullet,D20,Queens,167,1.0
black,637,633,4,bullet,C20,Kings,63,0.0
black,629,661,-32,bullet,C48,Four,108,0.0
black,621,637,-16,bullet,A00,Kings,108,0.0
white,630,649,-19,bullet,D02,Queens,116,1.0
white,638,608,30,bullet,A40,Englund,81,1.0
black,631,670,-39,bullet,C00,French,137,0.0
white,639,629,10,bullet,D02,Queens,170,1.0
black,647,610,37,bullet,C50,Giuoco,166,1.0
white,654,616,38,bullet,A40,Englund,149,1.0
white,662,651,11,bullet,C10,French,77,1.0
black,670,643,27,bullet,B01,Scandinavian,88,1.0
black,678,667,11,bullet,A00,Anderssen,107,1.0
white,686,680,6,bullet,C02,French,129,1.0
black,678,715,-37,bullet,C50,Italian,49,0.0
black,670,700,-30,bullet,B01,Scandinavian,145,0.0
white,663,707,-44,bullet,C25,Vienna,51,0.0
black,672,698,-26,bullet,C44,Kings,170,1.0
white,681,689,-8,bullet,A40,Englund,122,1.0
white,689,675,14,bullet,D02,Queens,40,1.0
black,697,664,33,bullet,A02,Birds,30,1.0
black,705,698,7,bullet,C44,Kings,105,1.0
white,697,712,-15,bullet,A40,Englund,110,0.0
black,706,713,-7,bullet,D02,Queens,60,1.0
black,698,729,-31,bullet,D07,Queens,67,0.0
black,706,702,4,bullet,C25,Vienna,152,1.0
white,699,738,-39,bullet,E14,Queens,163,0.0
white,707,675,32,bullet,D11,Slav,121,1.0
black,699,698,1,bullet,C45,Scotch,98,0.0
black,691,727,-36,bullet,C45,Scotch,180,0.0
white,683,705,-22,bullet,D02,Queens,202,0.0
white,691,671,20,bullet,C00,French,54,1.0
black,683,684,-1,bullet,B20,Sicilian,31,0.0
black,676,715,-39,bullet,D20,Queens,137,0.0
white,684,682,2,bullet,C21,Center,62,1.0
white,676,713,-37,bullet,D20,Queens,159,0.0
black,667,661,6,bullet,D07,Queens,110,0.0
white,675,655,20,bullet,D02,Queens,125,1.0
black,667,689,-22,bullet,C02,French,119,0.0
white,675,655,20,bullet,C00,French,39,1.0
white,668,726,-58,bullet,B07,Pirc,121,0.0
black,676,675,1,bullet,C53,Giuoco,113,1.0
black,668,691,-23,bullet,B40,Sicilian,141,0.0
black,660,689,-29,bullet,C25,Vienna,97,0.0
white,669,680,-11,bullet,D02,Queens,153,1.0
white,677,675,2,bullet,A40,Englund,26,1.0
black,669,699,-30,bullet,B01,Scandinavian,172,0.0
black,677,674,3,bullet,D00,Queens,99,1.0
white,669,679,-10,bullet,D02,Queens,153,0.0
white,660,639,21,bullet,D02,Queens,116,0.0
black,723,720,3,blitz,C50,Giuoco,123,1.0
white,652,685,-33,bullet,D00,Queens,153,0.0
black,645,692,-47,bullet,B40,Sicilian,138,0.0
white,652,615,37,bullet,D02,Queens,170,1.0
white,660,641,19,bullet,D02,Queens,83,1.0
black,652,654,-2,bullet,C47,Four,103,0.0
white,731,696,35,blitz,C68,Ruy,238,1.0
white,644,673,-29,bullet,A46,Indian,49,0.0
white,1658,1431,227,daily,A45,Indian,86,1.0
black,652,652,0,bullet,C45,Scotch,113,1.0
black,660,654,6,bullet,B29,Sicilian,36,1.0
black,660,654,6,bullet,C22,Center,136,0.5
white,652,660,-8,bullet,C50,Giuoco,93,0.0
black,645,684,-39,bullet,D00,Queens,81,0.0
white,653,617,36,bullet,A40,Queens,139,1.0
white,661,660,1,bullet,B08,Pirc,127,1.0
black,669,650,19,bullet,D07,Queens,137,1.0
black,677,652,25,bullet,B23,Closed,89,1.0
white,669,693,-24,bullet,D00,Queens,90,0.0
black,677,641,36,bullet,A16,English,120,1.0
white,668,664,4,bullet,B01,Scandinavian,106,0.0
black,660,684,-24,bullet,C47,Four,95,0.0
white,669,675,-6,bullet,D02,Queens,111,1.0
black,661,690,-29,bullet,C45,Scotch,80,0.0
black,669,655,14,bullet,C65,Ruy,48,1.0
white,661,672,-11,bullet,A45,Indian,122,0.0
white,669,673,-4,bullet,D02,Queens,158,1.0
white,677,490,187,bullet,A02,Birds,65,1.0
black,669,693,-24,bullet,C45,Scotch,100,0.0
white,677,648,29,bullet,B02,Alekhines,140,1.0
black,669,690,-21,bullet,B40,Sicilian,157,0.0
white,677,682,-5,bullet,A40,Englund,142,1.0
black,669,680,-11,bullet,C47,Four,127,0.0
white,677,655,22,bullet,C40,Kings,148,1.0
black,669,689,-20,bullet,C40,Kings,152,0.0
black,661,676,-15,bullet,A00,Kings,98,0.0
white,669,638,31,bullet,A00,Undefined,90,1.0
black,677,651,26,bullet,C44,Ponziani,87,1.0
white,669,679,-10,bullet,D02,Queens,87,0.0
white,677,669,8,bullet,B15,Caro,52,1.0
white,685,658,27,bullet,C10,French,138,1.0
black,677,682,-5,bullet,D00,Queens,114,0.0
white,685,674,11,bullet,B01,Scandinavian,128,1.0
black,677,698,-21,bullet,A00,Van,112,0.0
black,669,690,-21,bullet,B00,Nimzowitsch,125,0.0
white,677,675,2,bullet,C50,Giuoco,138,1.0
white,685,690,-5,bullet,D02,Queens,141,1.0
black,1673,1420,253,daily,B01,Scandinavian,137,1.0
black,693,686,7,bullet,C23,Bishops,90,1.0
black,685,723,-38,bullet,D02,Queens,90,0.0
black,693,667,26,bullet,A00,Mieses,115,1.0
white,701,677,24,bullet,B23,Closed,102,1.0
white,709,712,-3,bullet,C47,Four,66,1.0
black,717,695,22,bullet,C65,Ruy,129,1.0
white,709,725,-16,bullet,A00,Mieses,78,0.0
white,1673,920,753,daily,A00,Undefined,6,0.0
white,1673,1295,378,daily,A00,Undefined,6,0.0
black,1673,869,804,daily,B00,Kings,8,0.0
black,1673,1275,398,daily,B00,Kings,8,0.0
white,1673,1275,398,daily,A00,Undefined,6,0.0
white,1673,869,804,daily,A00,Undefined,6,0.0
black,717,702,15,bullet,A01,Nimzowitsch,141,1.0
black,1673,929,744,daily,B00,Kings,8,0.0
white,716,671,45,bullet,C20,Kings,83,0.5
black,724,719,5,bullet,C65,Ruy,34,1.0
black,732,700,32,bullet,D02,Queens,105,1.0
white,740,743,-3,bullet,B07,Pirc,43,1.0
black,747,702,45,bullet,C23,Bishops,176,1.0
white,755,747,8,bullet,A40,Queens,93,1.0
black,764,771,-7,bullet,A06,Reti,113,1.0
white,756,766,-10,bullet,C68,Ruy,126,0.0
white,748,749,-1,bullet,B07,Pirc,126,0.0
black,740,745,-5,bullet,C47,Four,131,0.0
black,733,794,-61,bullet,C46,Three,198,0.0
black,741,728,13,bullet,C23,Bishops,119,1.0
white,749,718,31,bullet,D02,Queens,124,1.0
white,755,662,93,bullet,D02,Queens,154,1.0
black,763,766,-3,bullet,C47,Four,144,1.0
black,771,749,22,bullet,B21,Sicilian,165,1.0
black,1673,1295,378,daily,A00,Undefined,6,1.0
white,779,751,28,bullet,A40,Englund,196,1.0
white,770,762,8,bullet,A46,Indian,106,0.0
black,762,798,-36,bullet,B30,Sicilian,167,0.0
white,753,739,14,bullet,A40,Englund,145,0.0
white,745,781,-36,bullet,D20,Queens,107,0.0
black,738,775,-37,bullet,A03,Birds,73,0.0
white,730,740,-10,bullet,A40,Englund,195,0.0
black,722,732,-10,bullet,C46,Three,173,0.0
black,730,718,12,bullet,B23,Closed,162,1.0
white,738,740,-2,bullet,A04,Reti,112,1.0
black,745,707,38,bullet,B07,Pirc,132,1.0
white,753,742,11,bullet,A40,Englund,128,1.0
black,744,731,13,bullet,C20,Kings,97,0.0
white,736,736,0,bullet,A00,Van,109,0.0
white,744,724,20,bullet,A40,Englund,132,1.0
black,736,749,-13,bullet,C23,Bishops,20,0.0
black,729,766,-37,bullet,B00,Nimzowitsch,94,0.0
white,1520,1519,1,rapid,B21,Sicilian,68,0.0
black,721,725,-4,bullet,A04,Reti,59,0.0
white,729,694,35,bullet,A00,Van,111,1.0
white,722,761,-39,bullet,A40,Englund,83,0.0
white,730,732,-2,bullet,D02,Queens,137,1.0
black,722,753,-31,bullet,C23,Bishops,81,0.0
black,730,708,22,bullet,C22,Center,125,1.0
white,722,726,-4,bullet,A46,Indian,184,0.0
black,730,718,12,bullet,B20,Sicilian,179,1.0
black,1690,1470,220,daily,B23,Closed,101,1.0
white,1705,1474,231,daily,D00,Queens,120,1.0
white,722,722,0,bullet,D02,Queens,73,0.0
white,730,728,2,bullet,D00,Queens,114,1.0
black,722,738,-16,bullet,C46,Three,60,0.0
black,714,715,-1,bullet,C51,Giuoco,112,0.0
white,722,704,18,bullet,D02,Queens,104,1.0
black,714,734,-20,bullet,C53,Giuoco,145,0.0
black,707,744,-37,bullet,D07,Queens,130,0.0
black,699,723,-24,bullet,C57,Italian,102,0.0
white,1512,1511,1,rapid,C00,French,80,0.0
white,691,696,-5,bullet,D02,Queens,116,0.0
black,699,671,28,bullet,D07,Queens,124,1.0
white,1521,1526,-5,rapid,A45,Indian,172,1.0
white,739,701,38,blitz,C65,Ruy,141,1.0
black,747,740,7,blitz,C20,Kings,81,1.0
white,755,732,23,blitz,C50,Giuoco,80,1.0
black,746,740,6,blitz,D02,Queens,179,0.0
black,754,726,28,blitz,D02,Queens,106,1.0
white,1514,1578,-64,rapid,B00,Owens,130,0.0
black,1523,1569,-46,rapid,B20,Sicilian,111,1.0
white,690,664,26,bullet,C20,Kings,80,0.0
white,682,691,-9,bullet,D02,Queens,92,0.0
black,674,683,-9,bullet,C00,French,75,0.0
white,682,669,13,bullet,A40,Englund,69,1.0
black,690,682,8,bullet,C45,Scotch,103,1.0
black,698,680,18,bullet,C50,Giuoco,109,1.0
white,706,705,1,bullet,D02,Queens,197,1.0
white,698,713,-15,bullet,C50,Giuoco,118,0.0
black,707,714,-7,bullet,C78,Ruy,89,1.0
black,746,774,-28,blitz,D00,Queens,158,0.0
black,699,719,-20,bullet,C42,Petrovs,94,0.0
white,691,711,-20,bullet,D02,Queens,113,0.0
black,683,719,-36,bullet,C55,Italian,169,0.0
white,685,353,332,bullet,B01,Scandinavian,72,1.0
black,692,641,51,bullet,C30,Kings,115,1.0
white,1705,1435,270,daily,A00,Undefined,6,0.0
white,1705,1443,262,daily,A00,Undefined,6,0.0
black,1705,1443,262,daily,A40,Queens,7,0.0
black,1705,1435,270,daily,A10,English,8,0.0
black,684,698,-14,bullet,C42,Petrovs,130,0.0
black,676,713,-37,bullet,B20,Sicilian,107,0.0
white,1515,1516,-1,rapid,A40,Queens,172,0.0
white,754,716,38,blitz,B27,Sicilian,148,1.0
white,746,763,-17,blitz,D02,Queens,108,0.0
black,668,696,-28,bullet,C42,Petrovs,59,0.0
white,660,683,-23,bullet,A04,Reti,97,0.0
black,738,758,-20,blitz,B30,Sicilian,154,0.0
white,668,648,20,bullet,A00,Van,130,1.0
white,675,637,38,bullet,D00,Queens,155,1.0
white,667,665,2,bullet,A00,Van,76,0.0
black,659,695,-36,bullet,C50,Giuoco,118,0.0
white,667,666,1,bullet,C40,Kings,136,1.0
black,675,658,17,bullet,C44,Ponziani,50,1.0
black,683,652,31,bullet,B10,Caro,140,1.0
white,691,673,18,bullet,D00,Queens,94,1.0
black,683,682,1,bullet,C23,Bishops,21,0.0
white,675,690,-15,bullet,D02,Queens,74,0.0
black,683,682,1,bullet,C20,Kings,95,1.0
white,674,669,5,bullet,D00,Queens,46,0.0
white,666,679,-13,bullet,C23,Bishops,152,0.0
black,658,696,-38,bullet,B10,Caro,175,0.0
black,650,683,-33,bullet,A46,Indian,81,0.0
white,659,667,-8,bullet,C50,Giuoco,130,1.0
black,651,656,-5,bullet,C50,Giuoco,146,0.0
white,643,659,-16,bullet,C41,Philidor,117,0.0
white,635,665,-30,bullet,B01,Scandinavian,129,0.0
black,643,638,5,bullet,A00,Undefined,79,1.0
black,634,629,5,bullet,C49,Four,112,0.0
white,642,611,31,bullet,A02,Birds,113,1.0
black,650,613,37,bullet,C65,Ruy,132,1.0
white,642,643,-1,bullet,B02,Alekhines,122,0.0
white,650,615,35,bullet,C48,Four,83,1.0
white,1505,1532,-27,rapid,B07,Pirc,88,0.0
black,1495,1513,-18,rapid,A45,Indian,133,0.0
black,1485,1498,-13,rapid,C44,Ponziani,97,0.0
black,1476,1510,-34,rapid,B22,Alapin,116,0.0
white,1466,1487,-21,rapid,C47,Four,71,0.0
black,650,643,7,bullet,B00,Nimzowitsch,157,0.5
white,642,657,-15,bullet,A00,Van,112,0.0
white,650,622,28,bullet,A00,Van,12,1.0
black,658,662,-4,bullet,B02,Alekhines,143,1.0
white,650,645,5,bullet,B07,Pirc,165,0.0
black,1457,1498,-41,rapid,D02,Queens,175,0.0
black,658,658,0,bullet,D00,Queens,100,1.0
white,666,658,8,bullet,D02,London,96,1.0
white,1467,1473,-6,rapid,D02,London,216,1.0
black,1458,1476,-18,rapid,D00,Queens,67,0.0
white,1467,1453,14,rapid,D02,Queens,58,1.0
black,1458,1453,5,rapid,C00,French,132,0.0
black,1449,1468,-19,rapid,B01,Scandinavian,31,0.0
black,1440,1445,-5,rapid,B01,Scandinavian,81,0.0
white,1432,1468,-36,rapid,D02,Queens,56,0.0
white,1440,1426,14,rapid,A43,Old,197,1.0
black,1432,1464,-32,rapid,B23,Closed,80,0.0
white,1424,1432,-8,rapid,C26,Vienna,192,0.0
black,674,667,7,bullet,D07,Queens,112,1.0
white,682,672,10,bullet,A04,Reti,171,1.0
white,690,676,14,bullet,A40,Queens,85,1.0
black,682,714,-32,bullet,C46,Three,148,0.0
black,1416,1419,-3,rapid,C30,Kings,61,0.0
white,674,710,-36,bullet,C50,Giuoco,33,0.0
white,665,660,5,bullet,A00,Van,135,0.0
black,657,668,-11,bullet,A01,Nimzowitsch,91,0.0
white,648,613,35,bullet,A40,Queens,137,0.0
white,640,657,-17,bullet,A48,Indian,139,0.0
black,633,703,-70,bullet,A40,Queens,98,0.0
black,1407,1420,-13,rapid,B23,Closed,77,0.0
black,1393,1427,-34,rapid,B30,Sicilian,45,0.0
black,1379,1389,-10,rapid,B01,Scandinavian,92,0.0
white,1366,1387,-21,rapid,D02,Queens,132,0.0
white,1352,1353,-1,rapid,B21,Sicilian,141,0.0
black,1365,1353,12,rapid,A40,Englund,71,1.0
black,1352,1358,-6,rapid,C50,Giuoco,61,0.0
white,1340,1350,-10,rapid,A06,Reti,101,0.0
black,1328,1334,-6,rapid,C64,Ruy,146,0.0
white,645,605,40,bullet,D02,London,50,1.0
white,657,641,16,bullet,A40,Englund,76,1.0
black,668,645,23,bullet,A00,Mieses,78,1.0
white,679,653,26,bullet,D00,Queens,161,1.0
white,668,695,-27,bullet,D00,Queens,146,0.0
black,658,685,-27,bullet,C45,Scotch,105,0.0
black,648,669,-21,bullet,B02,Alekhines,110,0.0
white,638,666,-28,bullet,C47,Four,99,0.0
white,647,612,35,bullet,D02,Queens,118,1.0
black,657,636,21,bullet,C30,Kings,100,1.0
black,719,747,-28,blitz,D00,Queens,112,0.0
white,647,662,-15,bullet,D00,Queens,42,0.0
black,637,647,-10,bullet,C20,Kings,24,0.0
black,700,720,-20,blitz,A07,Kings,74,0.0
white,683,714,-31,blitz,D02,Queens,94,0.0
white,667,692,-25,blitz,D02,Queens,71,0.0
black,647,644,3,bullet,C23,Bishops,128,1.0
white,639,674,-35,bullet,D02,Queens,101,0.0
black,630,631,-1,bullet,B23,Closed,115,0.0
white,638,599,39,bullet,D02,Queens,119,1.0
black,629,625,4,bullet,A00,Kings,46,0.0
white,621,645,-24,bullet,D00,Queens,81,0.0
black,630,625,5,bullet,C50,Giuoco,113,1.0
white,622,651,-29,bullet,C10,French,75,0.0
black,630,618,12,bullet,A00,Van,104,1.0
white,622,636,-14,bullet,A27,English,145,0.0
black,614,623,-9,bullet,D02,Queens,65,0.0
white,622,625,-3,bullet,D02,Queens,69,1.0
black,614,627,-13,bullet,D07,Queens,72,0.0
black,606,611,-5,bullet,C25,Vienna,129,0.0
white,614,577,37,bullet,A80,Dutch,93,1.0
white,606,615,-9,bullet,D02,Queens,71,0.0
black,1312,1337,-25,rapid,B20,Sicilian,80,0.0
black,1297,1338,-41,rapid,A40,Englund,81,0.0
white,1311,1274,37,rapid,C45,Scotch,149,1.0
white,1296,1317,-21,rapid,D02,Queens,79,0.0
white,1309,1274,35,rapid,D02,Queens,92,1.0
black,1295,1294,1,rapid,C65,Ruy,98,0.0
white,688,666,22,blitz,D00,Queens,81,1.0
white,1282,1302,-20,rapid,D02,Queens,173,0.0
black,1270,1293,-23,rapid,A00,Saragossa,213,0.0
white,1259,1297,-38,rapid,C42,Petrovs,53,0.0
black,1248,1285,-37,rapid,D02,Queens,120,0.0
white,1259,1241,18,rapid,A00,Mieses,40,1.0
black,1258,1239,19,rapid,B23,Closed,282,0.5
black,1268,1240,28,rapid,C50,Giuoco,47,1.0
white,1278,1240,38,rapid,D02,Queens,22,1.0
black,708,697,11,blitz,C50,Giuoco,165,1.0
white,691,734,-43,blitz,D02,Queens,151,0.0
white,1267,1273,-6,rapid,B28,Sicilian,106,0.0
white,1256,1253,3,rapid,A47,Indian,87,0.0
black,1266,1256,10,rapid,B29,Sicilian,192,1.0
white,1257,1287,-30,rapid,D02,Queens,235,0.0
black,1248,1265,-17,rapid,C25,Vienna,69,0.0
white,594,596,-2,bullet,D02,Queens,94,0.0
black,605,587,18,bullet,C50,Giuoco,83,1.0
black,616,586,30,bullet,B00,Nimzowitsch,117,1.0
black,606,636,-30,bullet,C50,Giuoco,69,0.0
white,595,593,2,bullet,D02,Queens,88,0.0
black,605,589,16,bullet,B20,Sicilian,137,1.0
white,595,616,-21,bullet,B45,Sicilian,89,0.0
black,604,578,26,bullet,A00,Van,98,1.0
white,1248,621,627,rapid,D02,Queens,62,1.0
black,1248,621,627,rapid,C50,Giuoco,110,0.0
white,614,610,4,bullet,D02,Queens,49,1.0
white,605,617,-12,bullet,A40,Englund,134,0.0
black,595,592,3,bullet,A00,Van,83,0.0
black,604,574,30,bullet,A00,Van,114,1.0
white,1238,1267,-29,rapid,B15,Caro,103,0.0
black,594,588,6,bullet,B00,Nimzowitsch,122,0.0
white,585,620,-35,bullet,A40,Englund,188,0.0
black,574,586,-12,bullet,D02,Queens,101,0.0
black,562,562,0,bullet,C47,Four,94,0.0
white,573,540,33,bullet,A40,Englund,24,1.0
white,561,559,2,bullet,A46,Indian,111,0.0
black,550,563,-13,bullet,D06,Queens,64,0.0
black,561,541,20,bullet,C49,Four,67,1.0
white,550,567,-17,bullet,B00,Nimzowitsch,114,0.0
black,561,559,2,bullet,C50,Giuoco,156,1.0
black,1705,1600,105,daily,B01,Scandinavian,10,1.0
white,1223,1260,-37,rapid,A41,Queens,71,0.0
black,1238,1219,19,rapid,C44,Kings,39,1.0
black,1223,1231,-8,rapid,C50,Giuoco,61,0.0
white,1209,1235,-26,rapid,D00,Queens,96,0.0
black,1223,1226,-3,rapid,B29,Sicilian,146,1.0
white,668,721,-53,blitz,D02,London,139,0.0
white,643,654,-11,blitz,A40,Englund,105,0.0
black,623,676,-53,blitz,B23,Closed,63,0.0
white,643,613,30,blitz,B00,Nimzowitsch,228,1.0
white,623,657,-34,blitz,D00,Queens,92,0.0
black,603,628,-25,blitz,A00,Van,166,0.0
black,584,623,-39,blitz,D00,Queens,45,0.0
black,564,571,-7,blitz,C23,Bishops,178,0.0
white,584,540,44,blitz,A48,Indian,114,1.0
white,1203,1249,-46,rapid,D02,Queens,68,0.0
white,561,577,-16,blitz,D02,Queens,84,0.0
black,562,571,-9,blitz,B00,Kings,227,0.5
white,1176,1198,-22,rapid,A40,Englund,150,0.0
black,1152,1188,-36,rapid,D20,Queens,109,0.0
